Contractor,Company,RoofSize,RoofType,City,State,Date,lat,lng
Dana Solis,Gutierrez Ltd,19999,Foam,Lynnfurt,LA,2023-10-16,43.76632,-86.189653
Jennifer Smith,Collins-Hunter,32383,Metal,East Brianburgh,MN,2023-07-08,40.580236,-108.096884
Richard Stephens,Cook-Vance,21991,Metal,Paulatown,NH,2024-09-30,26.412373,-67.334198
Julie Newman,Suarez-Davis,28318,TPO,Juanton,MH,2024-03-26,37.229678,-102.38452
Shawn Moreno,Crane Group,44964,Asphalt,Rasmussenfurt,VA,2025-01-25,38.544825,-70.104869
Austin Mcguire,Cross-Clay,43132,Asphalt,North Annaburgh,VI,2025-03-20,42.604935,-120.964756
Miss Lisa Hudson DVM,Moon-Stevenson,48408,Asphalt,Perezside,PA,2023-11-04,47.6771,-103.978085
Tammy Marshall,"Hickman, Smith and Paul",14169,Foam,Lake Jamesport,CA,2023-08-01,45.645879,-81.089517
Cody Johnson,"Anderson, Wood and Gilbert",15801,TPO,Joshuaberg,CA,2024-10-12,48.635539,-69.430665
Daniel Gutierrez MD,"Mora, Johnston and Brown",37640,Asphalt,Gravesland,AZ,2024-01-09,46.849371,-116.490109
Daniel Bennett,Jackson-Blake,38517,Foam,Thomasville,TX,2024-01-26,31.298158,-121.408463
Julie Cruz,Villarreal-Gonzalez,2952,Metal,East Brandonfort,DE,2024-03-07,29.324029,-112.765463
Michael Mayer,"Estrada, Martin and Suarez",10164,Metal,Kennethmouth,GA,2023-05-01,42.159805,-69.126019
Melissa Crawford,"Johnson, Moore and Martin",19056,Metal,New Drew,MA,2023-12-14,39.309686,-95.430957
Roy Gomez,"Brown, Hall and Kelly",40581,Asphalt,Dillonborough,NC,2025-01-11,39.118672,-70.299119
Emily Green,"Fisher, Hutchinson and Curry",29572,Metal,Richardsonstad,WA,2024-09-16,35.466126,-106.752274
Troy Robertson,Shaw-Edwards,42762,TPO,East David,PA,2023-06-13,31.517253,-72.423201
Donna Taylor,Jenkins LLC,15202,Asphalt,Christinaview,NV,2024-10-28,44.341067,-82.991169
Lori Randolph,"Walker, Campbell and Smith",48763,TPO,West Jacob,AS,2024-03-10,34.49269,-112.243146
Terri Sanchez,Singleton Ltd,1972,Foam,Autumnberg,VI,2024-05-29,36.96902,-82.00074
Sharon Gray,"Meza, Ellison and Gonzales",2145,TPO,North Adrian,AL,2024-12-23,31.392134,-120.481549
Michele Perry,"Duffy, Black and Gonzalez",36964,Metal,Gilberttown,AR,2024-08-29,34.952777,-68.771519
Michelle Brewer,Garcia-Townsend,6392,TPO,Lake Jennifer,NJ,2023-11-02,43.726035,-113.903555
Alicia Wallace,Conner Ltd,48069,TPO,East James,ID,2023-05-27,35.248518,-78.219181
Vanessa Rodriguez,Anderson and Sons,12241,TPO,Port Louismouth,AZ,2025-02-27,35.598337,-113.864841
Nathaniel Singh,Mitchell-Cruz,28761,Foam,North Christopher,AL,2025-03-22,26.409976,-74.549189
Troy Lloyd,Hernandez-Brown,38101,Asphalt,Port Kristen,WV,2024-05-29,29.229829,-86.556594
Alyssa Martin,"Everett, Foley and Clark",33496,Asphalt,Fletcherfurt,RI,2024-07-30,44.755224,-87.222146
Adam Nguyen,Ellis Inc,13544,Metal,Allenshire,VI,2023-10-18,34.292565,-102.455626
Garrett Martinez,"Paul, Gonzalez and Jackson",39105,Foam,Samanthaview,MI,2024-05-01,45.591566,-116.672917
John Sharp,"Baker, Green and Conley",28407,Foam,Mcintyreberg,AZ,2024-10-25,35.295636,-81.796356
Mr. Mark Morris,Silva-Kim,12262,Foam,Lake Marvin,MH,2024-01-15,36.752797,-95.50564
Steven Collier,Baker-Silva,29836,TPO,Hallville,VI,2024-02-29,38.998491,-84.694444
Laura Kim,Johns-Turner,2318,TPO,Lewiston,CO,2025-04-09,38.251797,-72.063985
Jennifer Romero,Moore-Mendez,35617,TPO,South Jacquelinehaven,PW,2025-03-15,30.032955,-115.892636
Matthew Obrien,Harris-Bradshaw,29914,Metal,Thomasside,AS,2025-01-18,34.511178,-103.919423
Joseph Parker,"Ortiz, Mack and Castillo",1324,Asphalt,West Phyllis,OR,2025-02-12,44.06241,-104.318026
Anthony Cooper,Garner-Phelps,25828,TPO,Pamelaton,VT,2025-02-18,40.306031,-110.058561
Mark Holmes,Jimenez and Sons,26254,Foam,Maryhaven,MD,2023-06-27,46.072762,-111.907803
Jordan Nguyen,"Perez, Daniels and Brown",32105,Asphalt,South Elizabethtown,DE,2023-08-15,33.507332,-78.907179
Kevin Garner,Alvarez Inc,7831,Foam,Port Conniemouth,MN,2024-01-30,39.246523,-82.426753
Derek Miller,"Mendoza, Sanders and Wilkins",39786,Asphalt,Donaldland,SC,2023-07-05,31.337096,-120.606188
Timothy Miles,Ortega LLC,37721,Asphalt,North James,MH,2024-10-12,30.784916,-106.132908
Christopher Herring,King-Hernandez,16744,Metal,Hooverfort,PA,2024-07-28,48.731399,-117.203139
William Barrett,Johnson-Hayes,44963,Foam,Port Jonathan,GA,2025-03-23,46.591564,-67.145993
Edward Ibarra,Walker LLC,21801,Metal,Timothyport,IA,2024-03-24,29.199447,-112.348806
Nicole Taylor,Moore Inc,29716,TPO,Samanthaport,OK,2024-10-22,28.199289,-74.032771
Tracie Moore,Young-Pham,14380,TPO,East Charlenefurt,PW,2024-01-17,38.64835,-119.46726
Jennifer Taylor,"Ellis, Joyce and Fuller",42404,Metal,West Amytown,ID,2023-06-08,32.896178,-118.707276
Andrew Contreras,"Murphy, Morgan and Moses",47063,Metal,Anthonyberg,DE,2024-09-03,26.306871,-117.164432
Jennifer Bennett,"Estrada, Hernandez and Davis",37567,TPO,Lake Tracychester,DE,2024-04-29,30.240358,-96.987419
Kimberly Miller,"Lara, Moody and Hall",10015,Foam,West Lori,FM,2024-02-10,32.692111,-71.687774
Sarah Harvey,"Hernandez, Banks and Stone",33879,Foam,New Darleneville,SC,2025-02-12,43.473322,-82.59261
Zachary Williams,Rogers Inc,49961,Asphalt,Dennisview,VA,2023-06-28,31.111019,-105.160969
Kathleen Good,"Brennan, Fields and Rich",37418,Foam,West Paul,RI,2023-08-04,27.282032,-68.914749
Joseph Lee,Bowen-Castillo,23176,Metal,North Thomas,CO,2024-02-15,29.558069,-72.929095
Mary Allen,"Allen, Collins and Kelly",12731,TPO,Knightland,MN,2023-05-09,39.960332,-121.992494
Douglas Green,"Sloan, Garcia and Zamora",18771,Metal,Zacharyton,ID,2023-09-25,33.612696,-112.836213
Charles Thomas,Sanchez Inc,5111,Asphalt,Andersontown,ME,2025-03-16,35.245849,-105.177318
Micheal Harris,Brown PLC,18954,Foam,West Marktown,ID,2024-05-28,41.178378,-106.125955
Kelly Ramirez,"Green, Bernard and Fuller",24624,Asphalt,Jessebury,TN,2025-03-21,46.402596,-116.945818
John Fisher,Mann Ltd,42122,Foam,Dennisland,TN,2023-12-03,38.983411,-81.151273
Eric Lopez,Burns LLC,44526,Foam,East Robertville,WY,2024-12-21,40.195729,-97.057597
Marcus Kramer,Simmons Ltd,40288,Metal,Taraview,IL,2024-08-01,41.267318,-77.375383
Janet Mack,Wiley and Sons,37333,Foam,Johnsonport,AZ,2024-03-03,38.218823,-114.645917
Joshua Morgan,Vang LLC,13337,TPO,West Bobbyborough,NJ,2023-09-18,41.61161,-108.961666
Daniel Dennis,Pope Ltd,9902,TPO,Port Daniel,OH,2025-01-15,30.170238,-114.896954
John Holmes,Wright-Hernandez,46514,Metal,North Sarah,AR,2023-04-21,31.538446,-99.894157
Christopher Richardson,Moore LLC,1410,TPO,West Holly,AL,2024-02-07,44.560588,-120.134179
Juan Robinson,Snyder Group,38944,TPO,Port Marie,IN,2024-10-04,30.404433,-90.364619
Maria Rogers,Wells-Sheppard,27457,Asphalt,Julieside,OR,2023-10-08,46.243012,-119.778153
Mark Allen,Weaver-Randall,13431,Metal,East Mauricebury,LA,2024-06-05,32.657336,-121.384263
Luke Mitchell,York PLC,13503,TPO,Lake Keith,GA,2024-07-08,48.013877,-91.762199
Richard Carpenter,"Andrews, Fox and Yang",9870,Metal,East Robertland,OH,2024-09-13,45.287608,-117.431706
Melissa Hill,"Mayo, Torres and Mcmahon",22953,Metal,West Fred,MS,2023-05-19,36.184779,-110.617012
Eric Ryan,"Fuller, Ramos and Cook",11646,Foam,Kiddbury,WV,2023-06-07,38.15885,-120.131397
Frank Price,Lara-Jones,9247,Asphalt,Clayville,SC,2025-02-11,34.842318,-104.99877
Peter Dunn,Arellano-Chandler,21036,Metal,Calebside,WI,2024-12-28,34.598579,-112.680315
Richard Perez,"David, Jones and Smith",14923,Asphalt,New Angelafurt,NE,2024-11-13,34.020303,-95.494516
Kelli Bond,Peterson and Sons,43401,Asphalt,Frosttown,NC,2024-05-15,37.918102,-88.403516
Jeremy Meyer,Gardner PLC,26744,Asphalt,Lake Thomas,GA,2024-11-22,37.1338,-105.790487
Kiara Reid,Rollins-Coleman,49207,Metal,Saraborough,NH,2024-05-06,43.115116,-110.530286
Carl Lawson PhD,Wells-Morales,47621,TPO,Port Joshua,OK,2023-05-06,31.392494,-116.659234
Mark Taylor,"Smith, Smith and Terry",49254,TPO,Jessicabury,ME,2024-02-06,34.655089,-99.098568
Charles Williams,Smith PLC,48014,Metal,Stephaniebury,FM,2023-04-19,46.859655,-91.092614
Alan Solomon,Henry Inc,35078,Foam,New Kenneth,AK,2024-01-01,43.668754,-73.017823
Timothy Sanchez,"Lopez, Maxwell and Barr",26827,Foam,West Shelby,MS,2025-03-19,41.365988,-69.47875
Robert Mitchell,Caldwell-Padilla,48721,TPO,East Michaelhaven,PW,2023-07-31,40.029056,-111.490834
Christopher Taylor,Jackson-Gonzalez,13351,Metal,South Gabrielstad,PW,2024-10-06,36.914156,-93.658844
Dr. David Robinson,Clay-Bell,48806,Metal,Port Henrytown,AL,2024-05-19,44.316433,-86.936808
Matthew Stuart,Armstrong-Wright,44270,Metal,Keystad,AK,2024-04-07,26.112292,-117.111096
Susan Ward,Wilson Group,24259,Metal,South Kaylaville,NJ,2024-03-02,35.243005,-75.41692
Juan Spencer,Butler Group,40784,Asphalt,Bradleyfurt,OR,2024-05-03,46.161371,-104.83759
Patricia Le,Johnson PLC,28477,TPO,Nancybury,VA,2024-10-28,48.068165,-84.778325
Scott Wilson,Wells LLC,39615,Foam,Leonardmouth,MT,2023-10-11,42.798794,-67.03422
Gregory Foster,Hoffman Ltd,49781,Foam,Port Johnside,DC,2024-10-18,39.832271,-95.185509
Jessica Salinas,Simmons LLC,10626,Foam,Daviston,AZ,2024-11-01,32.38566,-74.585161
David Campos,Lawson-Cole,47484,Metal,Zacharymouth,CT,2025-02-10,45.57491,-68.993581
Kristina Graham,"Jenkins, Moore and Townsend",38086,Foam,West Kevinport,MH,2024-08-03,40.639063,-85.774294
Ms. Marie Mitchell,Michael and Sons,5818,TPO,North Erika,IL,2023-09-02,47.624758,-81.672771
Anthony Walker,Ellis PLC,14314,Asphalt,West Devin,MH,2024-12-02,39.863323,-75.313736
William Henson,Lozano-Hunter,22683,Asphalt,Yanghaven,NE,2023-07-06,37.702455,-71.860745
William Wilson,"Miller, Cole and Sellers",32595,Asphalt,Ritaview,WY,2023-06-27,28.94842,-79.188955
James Diaz,Browning Ltd,19080,Metal,Gregoryview,OK,2024-01-19,28.104466,-105.995221
Anthony Murphy,"Torres, Key and Brown",48024,Asphalt,Mitchellville,NC,2024-12-07,40.879771,-75.511939
Melissa Yoder,Ellison Group,5311,Foam,Jasonstad,MA,2025-01-06,38.263011,-112.057327
Dawn Moore,Hall-Fleming,13145,TPO,North John,AS,2023-10-25,44.0149,-85.561394
Robert Burke,Oliver Inc,29224,Asphalt,New Jamesberg,MD,2023-11-28,48.328552,-85.835323
Rebecca Moore,Pratt-Cummings,17253,TPO,South Deantown,MA,2023-08-09,28.48378,-110.262067
Renee Grimes,Walker-Edwards,29439,Metal,Smithview,AR,2024-04-25,34.97493,-87.522427
Erin Mills,"Turner, Villarreal and Martin",30873,Foam,East Brittanyside,WA,2023-05-03,31.770902,-83.138027
Melissa Williamson,Livingston PLC,32496,Metal,Millerstad,ID,2025-01-17,38.373888,-78.521747
Shawn Collins,Ross-Scott,30682,Foam,Timothyhaven,IL,2024-11-23,28.818986,-90.189635
Joseph Contreras,Jones-Jensen,30262,Metal,Larsenside,PW,2024-10-05,46.458393,-103.056348
Laurie Bell,Evans-Burgess,46430,TPO,East Kimberly,WV,2024-05-04,25.311963,-77.550628
Diane Baker,"Meyer, Ortiz and Hernandez",38756,Asphalt,North Lisahaven,AZ,2024-12-31,25.425219,-106.611042
Thomas Mueller,Johnson and Sons,4775,Foam,Port Jennifer,ME,2023-07-22,31.850949,-93.087239
Karen Hall,"Sullivan, Lopez and Torres",49625,Foam,South Kevinland,GU,2023-07-26,25.564879,-107.933313
Ricardo Murillo,Vincent PLC,38489,Asphalt,Michaelchester,SC,2024-03-01,29.971921,-73.111308
Sarah Baker,"Smith, Robertson and Andersen",45354,Asphalt,Philiphaven,CO,2024-03-25,41.229973,-106.637836
Matthew Franklin,Leonard-Brooks,44163,Asphalt,Lake Emily,MP,2023-10-27,36.346695,-78.840299
Lori Harris,Ross Group,29806,Foam,Rodriguezbury,MP,2024-04-21,34.746964,-91.852405
Jamie Ochoa,"Blair, Kennedy and Walker",6949,Asphalt,Lisatown,IN,2023-08-31,34.209286,-84.142183
Jeremy Beck,Ray-Burns,34039,Metal,Lake Cynthiashire,LA,2023-11-01,29.946315,-106.356678
Nicole Rivera,"Christensen, Nelson and Mcclure",20588,Foam,West Shannon,ME,2023-09-06,35.004609,-122.297353
Yvonne Matthews MD,Douglas-Jimenez,29352,Asphalt,Howellstad,UT,2024-12-30,40.1746,-101.251666
Michael Preston,Green LLC,10205,Metal,South Kelly,WA,2023-06-14,44.566436,-80.883052
Joseph Deleon,Brown LLC,46128,Foam,Dodsonborough,FL,2024-02-10,41.009051,-106.461543
Teresa Howard,"Park, Ellison and Smith",1887,Foam,New Pennyburgh,NY,2024-12-22,48.371942,-72.809659
Charles Frank,Mendez-Smith,18307,Metal,Billview,VA,2024-06-25,45.960688,-68.799189
Kenneth Carpenter,Carson-Bean,9309,Asphalt,Port Joseph,NH,2023-05-15,29.097537,-122.332787
Brian Gomez,"Cobb, Weeks and Rodriguez",5912,Foam,Teresaport,AR,2024-06-06,43.34482,-102.322489
Hannah Reyes,Mayer-Cherry,5955,TPO,North Candiceport,TN,2024-02-02,40.352915,-108.844882
Anna George,Jordan Ltd,46817,Metal,Millerstad,OH,2023-12-30,45.787562,-106.568128
Alexander Ellison,Carlson-Hill,40722,Asphalt,South Jessica,TN,2023-07-19,27.0193,-94.535692
Kara Goodman,"Maddox, Thompson and Sanchez",7617,Metal,East Alyssa,MD,2024-10-26,39.171319,-98.12373
Heidi Mercado,Sawyer LLC,5511,Asphalt,South James,VT,2023-05-16,29.40314,-90.375355
Kenneth Ramirez,Brooks-Brown,38165,Asphalt,Joelberg,AR,2025-03-21,37.552278,-76.930129
James Wilkins,Martin LLC,16818,Asphalt,New Stephanieburgh,MN,2024-10-09,30.403349,-121.971552
Jason Garcia,Harris-Santos,19966,Asphalt,Dawnville,MN,2025-04-13,32.984053,-108.166894
Todd Anderson,Brown Inc,34452,Asphalt,Deanhaven,AR,2025-02-03,47.971343,-70.944122
Jason Hernandez,"Wells, Nguyen and Nelson",38865,TPO,Jennaside,ND,2023-08-14,40.095012,-89.106497
Melvin Adams,"Hooper, Wright and Graham",38313,Foam,New Rebecca,MP,2024-08-22,39.529885,-67.404604
Jessica Moore,Galloway-Rodriguez,1922,Asphalt,East Stevenville,GU,2024-11-30,48.702535,-96.669074
Samantha Hubbard,"Mays, Wallace and Smith",8886,Metal,Port Lindseybury,FL,2024-10-11,48.242858,-96.612396
Matthew Wright,Lawrence-Franklin,2485,Foam,South Bradleyhaven,NJ,2024-03-24,32.4283,-106.955625
Michael Hardy,Savage and Sons,6281,TPO,West Ernestport,MT,2025-01-21,26.307658,-121.253668
Nichole Gonzalez,"Powell, Davis and Myers",26215,Asphalt,West Nathan,DC,2024-07-02,35.585594,-77.899057
Julie Martin,"Coleman, Morgan and Dunn",12487,Foam,Medinamouth,CA,2024-04-09,30.769266,-117.202885
John Mitchell,Delacruz Inc,10071,Foam,East Kevin,VA,2023-06-28,43.363965,-74.203824
Christopher Webb,"Clark, Martinez and Sanchez",15774,Foam,Lorettaview,WA,2023-12-24,44.56277,-72.765916
Omar Knox,"Carroll, Simpson and Howard",2708,TPO,Marthaview,ID,2023-07-09,33.617279,-110.073172
Gary Ayala,Hernandez LLC,46565,Foam,South Justinborough,GA,2024-11-28,45.792842,-112.250083
Kelly Walker,Bennett and Sons,10684,TPO,Edwardsmouth,OK,2024-11-12,29.546403,-90.162403
Arthur Mooney,Mitchell-French,4558,TPO,Shelbyberg,FM,2024-09-09,48.639151,-88.90484
Angela Rivera,"Martin, Owens and Clark",41644,TPO,East Lindaberg,AZ,2024-05-22,45.300069,-78.632821
Bryan Wallace,"Reese, Wallace and Meyer",28664,Metal,Whiteheadbury,GA,2025-03-16,40.898336,-123.270991
William Chandler,Wells and Sons,18419,TPO,East Maliktown,TN,2024-09-08,26.03313,-116.429143
Roger Sanders,Graham-Casey,14435,TPO,East Peter,AZ,2025-01-10,37.565177,-109.026181
Christopher Gray,Kelley-Lambert,46374,TPO,Collinstown,OK,2024-06-05,47.92874,-74.521075
Ronald Clark,Mills Ltd,35418,Asphalt,West Tyler,ID,2025-01-02,26.353261,-91.000433
Dana Kelly,Smith-Stevens,39321,Foam,West Amanda,GA,2025-02-10,33.650616,-70.764737
Mary Turner,Green-Ramos,14596,Asphalt,New Rachelburgh,MO,2024-08-08,44.513171,-110.238495
Sarah Smith,Bradford-Ellison,40472,Asphalt,New Andrea,NJ,2023-05-08,44.866133,-68.831152
David Scott,"Jordan, Chan and Ward",15130,TPO,South Timothyfurt,VA,2023-06-25,47.455881,-97.635658
James Williams,"Fowler, Smith and Thomas",48936,Foam,Allisonland,PR,2023-12-03,33.085475,-77.92694
Robert Dyer,Anderson-Carter,24506,Foam,Rachelland,AZ,2024-05-07,35.024886,-90.332812
Kenneth Palmer,Fernandez-Hendricks,46463,TPO,East Jaredmouth,IA,2023-06-09,39.057498,-123.822927
Bobby Smith,"Barker, Rowland and Smith",4084,Asphalt,Fitzpatrickport,PA,2024-12-20,45.509233,-114.783812
Anthony Rogers,"Jennings, Collier and Colon",3295,Asphalt,North Andreaborough,AL,2024-10-19,41.773449,-72.784236
Stephanie Murillo,Young-Watson,26560,Asphalt,Mayburgh,CT,2025-02-23,31.337251,-89.420294
Angela Williams,"Lamb, Johnston and Spencer",47144,Foam,Jessicachester,MO,2024-11-17,32.22373,-105.408341
David Hodge,"Brown, Jones and Patterson",44227,Metal,South Christopherfurt,WA,2024-08-24,29.347009,-68.726765
Donald Berry,Cunningham-Turner,1898,Metal,North Christopher,MT,2023-05-31,27.923845,-87.363283
David Owens MD,Freeman-Brown,44062,Metal,Port Cherylfurt,MI,2024-11-07,37.668447,-71.632331
Lisa Brown,Chavez Ltd,46372,Metal,New Dylan,WY,2025-01-07,48.331503,-78.141461
Micheal Oconnor,Foster-Knight,25637,Metal,West Joshuaview,VT,2025-01-05,29.544485,-98.774816
Ashley Wang,Ramirez LLC,22231,Metal,New Lisaside,NC,2025-01-06,29.589948,-118.587045
Jason Alvarez,Francis PLC,23286,Asphalt,Abbottfort,ND,2023-05-30,36.799277,-79.928388
Nicole Chen,Johnson-Barron,30909,Asphalt,West Desireeland,NH,2023-11-04,38.723841,-109.981824
Derrick Miller,Torres-Green,46973,Foam,South Andrewchester,LA,2024-10-31,40.529591,-116.420456
Patricia Morrison,Figueroa Ltd,33252,Foam,East Madison,MS,2023-11-25,43.219971,-94.088678
Christopher Meyer,"Rodriguez, Powers and Watson",13243,Asphalt,South Kevin,PA,2024-10-07,28.009138,-81.049675
Kristine Thomas,"Lambert, Franklin and Wyatt",42688,Foam,Craigchester,ID,2023-12-17,35.296974,-110.658893
William Porter,Norton-Strong,22260,Metal,Gillstad,IL,2024-04-24,47.901022,-103.106459
Christopher Villegas,Russell Ltd,23195,Foam,East Katherineport,MD,2024-10-22,29.777159,-88.665732
Sergio Davis,Harris-Sanchez,36164,TPO,New Mary,WI,2024-01-07,33.349651,-98.317265
Kenneth Pace,"Rice, Ortiz and Mcdonald",26661,Foam,Alexandraberg,WA,2025-01-23,34.663642,-85.866874
Cody Pitts,Woods-Larson,35032,TPO,West Jasonchester,PA,2023-06-16,38.21238,-99.615025
Daniel Miranda,Anderson-Williams,27187,Foam,Mathewmouth,GU,2024-10-12,42.447168,-123.087829
Laurie Keller,Strickland-Colon,6226,Metal,Schultzchester,MD,2023-07-02,32.652192,-96.872988
Ashley Morrison,Mcbride and Sons,31719,Metal,Penaview,MI,2023-10-14,35.991315,-93.231708
Leslie Jackson,"Bradley, Reed and Rodgers",9208,Asphalt,Kimberlyville,FM,2023-07-30,46.298608,-101.497957
Charles Morgan,Taylor PLC,4812,Asphalt,Elizabethview,MA,2024-12-15,47.124965,-105.192245
Amanda Foster,"Carney, Warren and Kane",43877,Asphalt,New Crystalchester,WA,2024-12-30,36.179838,-74.147222
Kevin Taylor,Hayes Ltd,13489,Asphalt,Lake Joseph,NY,2023-08-23,25.127788,-81.132789
Norman Salazar,"Perez, Miller and Gentry",26226,TPO,Lake Traciberg,PR,2024-03-03,44.52953,-99.84254
Matthew Perez,Boyd-Anderson,18021,Foam,Dianastad,NV,2024-12-05,33.049125,-68.263235
Nicholas Martinez,Hardy Inc,15316,Metal,Stephanieborough,FL,2024-12-18,29.639381,-73.140884
Michael Morgan,"Jordan, Martinez and Schroeder",41777,TPO,West Maryland,UT,2023-05-28,46.349919,-93.129495
Tracy Shelton,Mccarthy-Kelly,30592,Foam,Mikebury,HI,2024-01-02,34.699622,-97.902205
Mrs. Yvonne Dominguez DVM,Miller and Sons,35355,Foam,Albertburgh,LA,2024-11-03,33.630379,-95.346256
Jennifer Blackburn,Stevens-Bryant,9502,Metal,Lake Nicolemouth,HI,2024-08-04,29.194217,-76.847422
Larry Harmon,Davis LLC,8557,Metal,Rodriguezland,MP,2023-06-09,38.127082,-113.071652
Frank Taylor,Brady Ltd,12916,Foam,New Katherinehaven,MN,2024-11-19,45.82101,-81.563183
Lisa Long,Nelson-Harris,48357,Metal,Johnsonport,WA,2023-08-17,39.73613,-87.137881
Stefanie Ferguson,Johnston Inc,38348,Metal,East Lisaside,RI,2025-04-14,45.189116,-74.324077
Colleen Clark,Mcknight and Sons,18850,Asphalt,New Sabrinaborough,FL,2024-05-30,27.608356,-71.10391
Matthew Harris,Peck-Burton,48823,Metal,Walkermouth,FM,2025-02-18,33.381485,-73.682211
Brian Gates,Cunningham-Wood,11932,Asphalt,Gibsontown,NV,2024-06-05,31.179772,-96.653753
Krystal Turner,Reyes-Buck,45153,Asphalt,Port Kristinchester,MI,2024-06-06,35.079207,-113.526954
Jennifer Young,Clark-Rivera,15232,Metal,North Christine,AZ,2023-12-16,38.515059,-82.097983
Denise Chambers,Mendez Inc,32469,TPO,North Katelynmouth,SC,2024-05-29,42.327961,-73.414081
John Shaw,Watson-Blair,44586,Asphalt,South Nicholas,TX,2024-09-25,45.11701,-105.660582
Carol Gray,"Valenzuela, Banks and Hughes",7701,Asphalt,Laurieland,PR,2024-10-14,39.55283,-111.012574
Erica Buck,Roberts-Medina,20748,Metal,Port Brittanyport,CA,2023-07-23,38.066101,-82.39353
Adriana Jackson,Simpson LLC,35318,Foam,East Courtney,PR,2025-02-25,38.291801,-72.251208
Jennifer Johnson,Cain-Fowler,46872,Metal,West Tara,VI,2024-12-27,47.001241,-98.092592
Timothy Joseph,"Ferguson, Bennett and Jackson",28528,Asphalt,West Alexandra,ND,2024-08-06,45.908306,-107.718626
Jennifer Campos,"Holmes, Allen and Jones",35792,TPO,East Richard,DC,2024-01-15,43.874765,-97.943358
Alicia Stafford,Patel-Moore,8697,Metal,Ericamouth,GA,2024-03-10,25.0421,-89.934092
Sandra James,May PLC,40706,Metal,Wrightburgh,MS,2025-04-12,37.231035,-106.403367
Miss Julie Thomas,Black and Sons,4321,TPO,Davidton,LA,2024-02-14,28.05045,-67.017999
Adrian Charles,King LLC,13135,Metal,South Warren,UT,2024-07-08,48.516629,-104.161066
Justin Simmons,"Gilbert, Clark and Allen",43803,Metal,Scotthaven,WA,2023-07-09,29.191866,-82.861205
Susan Hendrix,Butler-Butler,25976,Asphalt,Lake Curtis,FM,2024-11-25,32.726761,-81.164936
Amanda Wu,Johnson Inc,11362,Asphalt,East Susanton,GA,2023-07-15,26.811574,-106.802853
Mary Lara,"Jones, Horton and Hall",49278,Metal,New Kelly,CT,2023-08-28,34.092548,-119.361395
Jamie Gordon,Santana-Lee,9282,Metal,East Aaronview,IN,2024-08-20,46.126966,-71.288926
Sara Evans,Berry LLC,29060,Metal,New Crystal,OK,2023-07-16,32.985887,-101.460553
Eric Williams,Middleton-Stewart,41801,TPO,Elizabethchester,AR,2024-04-07,46.349317,-97.657203
Shannon Robinson,Williams-Tucker,5438,Foam,South Jillbury,AK,2024-07-07,44.109582,-89.853096
Kimberly Morgan,"Morgan, Caldwell and Brown",2878,Metal,East Ian,AZ,2023-12-27,29.517998,-81.306393
Kenneth Miller,Raymond Inc,24783,Foam,Georgeside,MA,2023-08-27,48.624425,-85.53174
Tamara Davis,Lewis-Bradshaw,4760,Asphalt,Jackville,SC,2023-05-03,45.415482,-73.142344
Jessica Hughes,"Hoffman, Phillips and Stout",6294,Metal,Ewingberg,TX,2024-06-18,29.196452,-89.344807
Roy Nichols,"Marshall, Randall and Stuart",27666,Foam,Davidberg,MH,2024-02-03,38.030575,-75.935583
Shawn Murphy,"Townsend, Brown and Huynh",22951,Metal,North Donnashire,IN,2024-11-19,27.298491,-73.45138
Melanie Campbell,Donaldson-Lynch,2816,Asphalt,East Nathan,IN,2024-11-19,38.308515,-78.113584
Natasha Raymond,"Griffin, Johnson and Doyle",41333,TPO,Abigailtown,KS,2023-04-20,38.171198,-97.130555
Jennifer Moore,"Reese, Hall and Aguilar",33752,TPO,Kemptown,CA,2023-07-15,29.790423,-116.150333
Ronnie Watkins,Kelly Ltd,3510,Foam,Port Veronica,AS,2023-05-20,36.511019,-82.279304
Rebecca Adams,Bowen LLC,48148,Metal,New Jillian,FL,2023-09-19,32.769279,-104.91197
Brandon Miller,"Ray, Bush and Randolph",16001,TPO,Chaseton,FM,2023-07-21,36.965904,-73.562418
Gary Ramirez,"Robertson, Lopez and Harris",9417,Asphalt,East Brian,SC,2025-02-08,28.287461,-94.82406
Brandon Cunningham,Hodge-Yates,13413,Asphalt,Lake Sarah,KS,2024-06-23,42.160402,-92.746442
Morgan Diaz,Jones-Santos,22686,Metal,Blackwellfort,WI,2024-06-16,39.536982,-77.817194
Travis Stewart,"Walker, Ayala and Walker",47755,Asphalt,West Melissatown,MA,2024-05-24,40.445875,-111.667752
Michele Kent,"Mitchell, Thomas and Porter",22594,Foam,Timothyville,NH,2024-06-06,39.481432,-117.373676
Benjamin Williams,Hensley-Hudson,14729,Asphalt,New Amyport,FL,2024-03-07,37.240629,-79.271899
Teresa Allen,"Olson, Lewis and Phillips",38805,TPO,East Maryborough,LA,2023-11-13,42.023196,-110.978047
Nicole Cox,"Wilson, Yates and Kelley",33682,Foam,Port David,NC,2024-06-07,40.241128,-112.353254
Barbara Adams,Smith PLC,14009,TPO,Hamiltonbury,MT,2025-01-02,44.250139,-69.457982
Jennifer Harrison,Nunez-Burke,12910,Metal,Harrisville,NH,2023-12-26,34.610988,-94.890038
Brian Prince,Burgess Ltd,12564,Asphalt,New Joshua,FL,2024-07-16,39.575599,-80.990572
Nancy Mosley,Miller PLC,43970,Asphalt,Markmouth,ND,2024-06-02,40.128049,-121.024407
Elizabeth Hammond,Wright Group,12643,TPO,Lindafurt,IA,2023-06-26,36.165319,-68.028366
Stephanie Romero,Taylor-Rangel,40103,Foam,Christinemouth,ID,2023-04-21,45.286476,-113.300356
Hayden Rush,"Baker, Snyder and Mccann",49954,Foam,Duranborough,NM,2023-09-30,29.490803,-121.570178
Michael Ware,Mack-Hall,4257,Asphalt,Thompsonborough,CA,2023-11-01,46.343093,-122.532628
Amber Wilson,Barnes-Wells,22261,Metal,New Lindabury,PA,2023-07-05,30.375097,-101.345306
Matthew Ross,Wright-Gentry,12433,TPO,Ashleyville,ME,2024-11-25,39.238809,-121.907528
Stephanie Cooley,"Powell, Martinez and Hays",33991,TPO,Rebeccaville,HI,2024-08-05,29.305282,-98.710461
Joshua Ayers,Underwood and Sons,30769,TPO,Tammymouth,WI,2023-05-13,25.930828,-71.908829
Kyle Hamilton,"Walsh, Norris and Harris",33038,Metal,Gutierrezland,AS,2024-12-03,44.643137,-103.868767
Linda Webb,Hunt-Wheeler,31660,Foam,Millsborough,SC,2024-08-29,31.650521,-80.470483
Jennifer Brown,Norman Ltd,36222,Asphalt,Annhaven,WA,2025-02-08,41.702576,-113.266879
Peter Hernandez,Pittman-Hanson,30548,TPO,Amandamouth,ME,2024-08-29,42.758799,-98.313944
Debbie Brooks,"Jones, Rogers and Rice",6471,Foam,Stephanieborough,AL,2024-02-05,44.464567,-110.723437
Bruce Davis,Patel Inc,4482,TPO,Port Tristan,VI,2023-11-30,33.794497,-122.069304
David Chambers,"Humphrey, Mcbride and Clements",35762,Asphalt,Jenniferport,IA,2024-06-20,37.978651,-99.511467
Luis Garza,"Mcknight, Rodgers and Meyer",40715,Asphalt,Franklinview,RI,2023-08-04,41.627049,-74.220925
Lawrence Gordon,"Smith, Smith and Haley",45704,Asphalt,West Kathrynbury,NY,2023-05-21,25.422738,-80.533199
Mary Wade,Kim-Banks,12191,Foam,Amyfort,DC,2023-09-25,39.267686,-123.261243
Max Silva,Lee-Ramsey,8799,Asphalt,Lake Christineland,RI,2024-05-30,46.918,-99.812076
Keith Alvarado,Davidson-Lopez,44632,TPO,Ianville,TX,2025-03-06,29.210231,-122.958244
Stephanie Smith,Wilson Ltd,19672,Metal,Lake Markbury,MA,2024-06-14,48.087397,-69.685127
Ricardo Barber,Wallace Group,42716,Asphalt,Harrisonshire,LA,2024-03-21,48.769715,-118.997477
Andrew Smith,"Rivas, Reyes and Wilcox",40279,Metal,South Alvinview,ID,2024-08-05,42.769446,-76.321044
Brian Patrick,Hernandez and Sons,32046,Asphalt,Meyerfurt,CA,2025-04-07,31.305478,-96.876227
Jose Castro,West LLC,11335,Foam,Harmonfurt,LA,2024-05-06,40.037817,-99.908072
Kathy Washington,Castro-Sanchez,6592,Asphalt,Port Tina,GU,2025-01-31,42.937033,-121.587096
Lauren Cline,"Harper, Macdonald and Mcmahon",46565,Metal,Underwoodstad,ME,2024-03-21,26.329035,-71.66387
Timothy Elliott,Baker Inc,29860,Metal,Ewingtown,DC,2023-09-19,35.358715,-98.154432
Mr. Robert Butler,"Simmons, Garcia and Boyle",15486,Foam,East Caitlin,WV,2024-12-28,40.167299,-78.339461
Nicole Rojas,Price Inc,40861,Foam,North Travisshire,OH,2024-02-14,34.791409,-98.729304
Victor Pittman,Macias-Carlson,14343,Asphalt,Austinbury,CO,2025-02-01,37.276986,-72.972113
Emma Holmes,Lawrence-Ward,41863,Metal,North Cliffordland,FM,2024-10-03,42.018193,-97.728497
Gina Jackson,Hoover LLC,47075,Asphalt,Lake Wayne,CA,2023-12-13,41.028649,-75.46728
Tamara Vincent,Schultz-Anderson,29993,Foam,Ralphfurt,NH,2023-11-10,35.206141,-69.530874
Ronald Brock,"Carr, Francis and Estrada",26918,Metal,Andrewstad,WA,2023-04-17,27.586839,-101.585378
Melinda Guerrero,Clark-Rodriguez,28984,Foam,New Charlesport,VI,2023-10-05,43.983095,-73.722564
Ann Torres,Porter Inc,16527,Metal,Port Johnfort,PW,2023-04-23,29.4283,-68.125612
Derek Adams,Martinez-Morgan,10706,Foam,Greenborough,CA,2025-03-23,39.91678,-117.387689
Timothy Dickerson,Raymond PLC,22906,Metal,Lake Howard,MH,2023-05-30,47.982144,-87.874288
Erica Collier,"Jones, Lee and Newman",8640,Foam,Ronaldton,MD,2024-08-29,28.3758,-103.804521
Sarah Deleon,Sullivan-Lawrence,30486,Asphalt,North Meagan,TX,2024-10-19,40.571476,-88.098486
David Burns,Brown Group,23205,Asphalt,Tylerport,AR,2024-04-12,38.826345,-82.789447
Kelsey Kelly,Dominguez-Woodard,10487,Foam,Emilyside,MS,2024-05-24,27.344733,-109.598274
Chelsea Murphy,"Johnson, Dean and Wall",48168,Metal,Tracyton,PR,2024-05-07,42.643909,-122.086191
Susan Green,Harmon Ltd,48363,Foam,South Adam,NV,2024-08-22,48.761381,-116.539748
Andrew Anderson,Arnold Ltd,34671,Foam,Rayville,SC,2024-08-30,46.31823,-73.927144
Jesse Rose DVM,Walsh Group,24118,TPO,Leblancmouth,CT,2024-07-04,29.452117,-73.852695
Craig Riley,"Gonzales, Cunningham and Harvey",2594,Asphalt,East Julian,NJ,2024-04-15,27.94719,-77.222829
Karen Wells,Small and Sons,33802,TPO,Colefort,NV,2024-12-19,32.166331,-72.34492
Mrs. Heidi Ramos,Saunders Group,11782,Foam,East Dennisstad,NM,2023-12-20,42.108358,-102.986883
Thomas Rogers,Lee Group,36753,TPO,North Elizabeth,AR,2025-01-15,34.842555,-100.727404
Cory Bennett,Martinez LLC,11843,Metal,Ramirezview,NC,2024-06-11,27.933283,-84.62674
Jeanne Johnson,Smith Group,40562,TPO,East Sarah,AR,2024-07-29,48.506105,-94.592172
Wanda Bush,Cabrera Ltd,8069,Foam,West Valerieside,OH,2024-04-10,42.955811,-67.924996
Mark Hernandez,"Stanton, Gonzales and Miller",39556,Foam,South Michaelbury,IL,2024-03-21,41.530889,-121.978361
Pamela Drake,Simpson and Sons,16644,Foam,Alifurt,IA,2025-03-01,27.264335,-97.782117
Kathryn Gallagher,Graham-Palmer,49251,TPO,East Peterland,LA,2024-03-11,38.859896,-91.738913
Mrs. Victoria Murphy MD,Cooper-Edwards,28281,TPO,East Heather,WV,2023-07-25,34.261509,-114.285584
Eric Weber,Whitney LLC,40329,TPO,Gomezhaven,KY,2023-12-23,41.45122,-99.246797
Taylor Garcia,"Obrien, Ali and Brown",28110,Asphalt,South Jonathan,CT,2024-11-19,32.299936,-71.094495
Kevin Anderson,Vasquez and Sons,1303,Foam,West Douglasberg,UT,2024-05-01,45.787415,-75.793626
Wendy Davis,"Davis, Martin and Ingram",16561,Asphalt,Lake Madison,RI,2025-03-10,42.867456,-99.949159
Stephanie Brown,"Reyes, Lewis and Carpenter",44785,TPO,Wongton,OK,2025-04-11,27.446637,-122.78948
John Barnett,Mays-Wilson,8625,Asphalt,Smithbury,CA,2024-01-31,34.854679,-115.50696
Jamie Serrano,Horton-Robbins,40520,Asphalt,South Karenberg,NY,2023-07-18,44.386603,-104.179554
Brandon Zamora,Reyes and Sons,35709,TPO,Mariashire,VT,2024-09-12,44.501883,-98.718152
Amy Owens,Reynolds Group,42288,Metal,Madisonborough,ID,2025-01-09,32.531913,-111.871862
Megan Lewis,"Ho, Li and Galloway",7124,Metal,Karenton,GU,2024-12-19,43.244011,-79.063938
Alexis Chase,"Long, Mills and Snyder",16132,Asphalt,West Juan,CT,2025-03-21,46.297715,-98.89879
Jessica Burton,Reynolds-Hamilton,21914,TPO,East Charles,DE,2024-08-20,42.455594,-77.817746
Jennifer Richardson,"Wilson, Dudley and Russell",22522,Foam,Lake Richardmouth,MP,2023-11-18,27.53329,-114.576965
Kristen Castillo,Taylor PLC,33960,Metal,Morganbury,AL,2024-03-09,32.202444,-110.508768
David Wilson,"Gutierrez, Soto and Miller",5423,Metal,Fisherfurt,ID,2025-01-06,46.289557,-93.85313
Keith Larson,"Roberts, Jacobs and Franco",30800,Metal,West Adamside,OR,2024-08-14,45.891157,-77.547661
Debbie Fisher,"Mcdonald, Schultz and Crawford",17506,Asphalt,Robertview,NJ,2024-10-20,33.434644,-85.87887
Laura Walsh,Allen-Chavez,46198,TPO,Blackville,WA,2025-01-27,48.422177,-106.228265
Jenny Jones,"Graham, Brown and Lewis",9159,Metal,East Philip,AL,2024-12-08,29.53769,-83.047026
Jesse Scott,Johnson Group,3141,Metal,Port Mary,FL,2023-07-24,40.67418,-120.380039
Travis Mclean,Singh-Wyatt,23990,Asphalt,Oliviaview,MA,2024-04-02,28.352595,-123.25465
Brian Gould,"Mcconnell, Sellers and Valdez",31682,Metal,Murphytown,ME,2024-01-08,25.664121,-91.394469
Philip Chase,Reeves PLC,3925,Foam,Heatherfurt,IN,2025-01-19,34.37524,-101.47094
Thomas Winters,"Moore, Davis and Smith",28149,Asphalt,Kathleenstad,SD,2024-11-05,31.601402,-95.879873
Christopher Barnes,"May, Norris and Peck",28008,TPO,Port Cody,OK,2023-08-09,33.872184,-105.04715
Michael Clark,Huynh-Kaufman,10690,Asphalt,Johnview,AZ,2025-01-23,44.805398,-121.180638
Jessica Young,"Johnson, Williamson and Greene",3656,Asphalt,Port Jessica,MN,2023-08-12,43.268237,-111.742973
Amanda Dunn,Sandoval-Diaz,27864,Metal,South Kevinview,GU,2023-06-09,40.472158,-87.711114
Bruce Knight,Campbell PLC,2112,Metal,North Stacymouth,AR,2024-12-28,42.770147,-94.928783
David Johnson,Berger-Page,36239,Asphalt,Gainesborough,NY,2024-12-10,36.378159,-78.953512
Brian Christian,Pruitt-Ellis,35685,Metal,Matthewshire,TN,2024-04-05,31.55923,-114.466104
Carl Smith,Franco LLC,3374,Foam,Jeffreyfurt,MP,2024-03-10,26.04823,-75.938355
Shawn Gibbs,Velez-Morrow,33937,Foam,Kristinton,CA,2024-04-09,34.431584,-68.071256
Kevin Alexander,Morris Inc,48203,Metal,Lake Gabrielleside,VI,2024-03-07,31.52445,-106.946129
Kathy Smith,Tucker-Ruiz,15880,Metal,Loweside,GA,2024-01-20,42.020735,-88.899125
Stephen Chase,"George, Williams and Rodriguez",25685,Asphalt,East Joshuafort,PR,2024-10-21,34.249707,-87.031225
Tyler Ramirez,"Heath, Sweeney and Clay",41809,Asphalt,East Linda,KS,2025-02-19,38.1065,-93.190765
William Orozco,Wilson Ltd,43213,Metal,Lake Deborah,KY,2024-06-05,42.023212,-109.26044
Tammy Brown,Austin-Sellers,48083,Asphalt,Crystalbury,IA,2024-05-06,45.334552,-122.909085
Jennifer Sanchez,Taylor PLC,16816,Foam,Rogersfurt,AR,2024-10-17,48.772873,-106.990704
Garrett Bautista PhD,"Figueroa, Crawford and Morales",46350,Foam,Lake Kimberlyside,NH,2024-10-26,48.11138,-100.660569
Bryan Salas,"Green, Craig and Weber",24689,Metal,South Josephville,VA,2024-12-30,42.752694,-97.44495
Holly Smith,Taylor Group,47661,Foam,South Noah,TX,2024-11-07,42.74194,-75.397599
Samantha Scott,Johnson-Walker,1519,TPO,Donaldville,ID,2024-04-10,36.551562,-80.047952
Tiffany Moore,Gardner-Collins,13689,Asphalt,Coxshire,MI,2023-07-30,45.550673,-79.19966
Paul Davis,Hayden Group,19825,Metal,Lake Derek,NH,2024-12-06,34.156489,-105.573779
William Lowe,Skinner Ltd,32757,Metal,Tuckerchester,AL,2023-09-30,25.615894,-90.549678
Natalie Smith,Castro Inc,38744,TPO,Davisport,MT,2024-03-18,32.652754,-77.267074
Mary Fox,Gonzalez-Perez,1709,Metal,Jamesburgh,TX,2025-04-06,39.290726,-104.034023
Scott Miller,Cantrell Group,9017,Foam,Ashleyburgh,UT,2023-05-22,46.736433,-75.386577
Robert Harrison,Alvarado-Johnson,18282,Foam,West George,DE,2024-04-16,30.442859,-75.494581
Christina Gomez,Schmidt LLC,16755,Foam,Jessicaton,MP,2023-08-09,40.176153,-98.45052
Rebecca Steele,"Walker, Mcintyre and Garcia",19920,Metal,North Stevenfort,PA,2024-08-22,44.32241,-121.222793
Michelle Morales,Fuller-Hall,46827,TPO,Lake Anthony,IL,2025-01-16,36.517863,-100.301156
Gina Francis,"Rodriguez, Sanders and Mendoza",16914,TPO,Charlesberg,SC,2023-04-17,44.976385,-111.760406
Michaela Perez,Mccormick Inc,7032,Foam,Fitzgeraldland,OH,2023-05-04,26.513578,-67.188061
Kevin Wells,"Stout, Barber and Mullen",47481,Metal,Wilsonport,WA,2024-07-15,41.435003,-71.689104
Mark Cook,Ross-Cherry,18734,TPO,New Jamesbury,MT,2024-05-15,34.998029,-91.702595
Jesse Roberts,Guerra-Wright,42968,Foam,New Bryceville,NC,2024-12-09,25.747479,-98.856857
Miranda Adams,Gray-Richardson,49727,Asphalt,Lake Justin,PW,2023-06-11,45.093187,-75.629622
Joseph West,"Brooks, Schultz and Glenn",36253,Foam,Michaelstad,MO,2023-05-02,31.026512,-93.449369
Mark Andrade,"Vincent, Ramsey and Brock",6321,Metal,New Lauraborough,NY,2023-10-02,31.480509,-106.711092
Joseph Carter,Curry Group,36855,TPO,Jeremiahtown,CO,2025-03-20,35.685911,-97.383895
Robin Mcmillan,Dalton Group,7128,TPO,Schwartzbury,MH,2023-09-04,35.675274,-102.967225
Steven Hunt,"Bennett, Miller and Montgomery",34419,Foam,Jacobview,UT,2025-02-25,26.447464,-116.490467
Lacey Edwards,"Haynes, Beasley and Garcia",20317,Foam,Kaylaborough,TX,2023-11-02,34.450535,-109.341567
Christine Bryant,Sanders Inc,47543,TPO,Laurastad,ID,2023-09-25,27.262348,-76.270346
Tyler Perez,Baker-Morrow,42743,Asphalt,Rogersfurt,MA,2024-12-21,46.965235,-86.957804
Tracy Butler,"Greene, Meyer and Reynolds",38137,Foam,Cindyshire,IL,2023-07-19,46.365584,-83.706781
Samuel Carrillo,Mathis Group,35804,Metal,West Francestown,PW,2024-12-01,35.363457,-105.800984
Amy Reed,Williams Group,35845,Metal,North Leonard,NM,2024-04-08,44.559897,-72.733316
Robert Jimenez,May Group,29489,Metal,New Kelseychester,NH,2023-11-09,30.938312,-120.202636
Lauren Gilbert,Cobb LLC,6788,Asphalt,East Jeffrey,NE,2023-12-11,47.032058,-117.504582
Mary Stafford,Andrews-Lawrence,17355,Foam,Bartonside,MO,2024-01-27,27.520821,-118.880541
Donald Johnson,"Moran, Herrera and Smith",13997,Asphalt,Woodland,IA,2023-06-03,41.917929,-87.268461
Shannon Rodriguez,Decker-Garcia,9338,TPO,East Terri,MH,2024-02-04,43.692534,-101.287417
Larry Baker,Lewis-Green,21716,Asphalt,Beckerstad,NH,2023-07-04,25.373505,-106.516409
Robin Moreno,Morales Group,49859,Foam,Andreaview,VA,2024-02-04,33.190349,-103.79027
Dr. Joy Diaz,Nelson and Sons,6534,Foam,Lake Cody,LA,2024-10-31,31.006668,-79.538243
Joanna Phillips,Hernandez-Castaneda,11330,TPO,Port Kimview,MT,2024-09-24,41.138285,-72.026552
Derrick Frank,"King, Martinez and Pearson",26406,TPO,Rodriguezton,MD,2024-01-03,26.198641,-79.285655
Judy Williams,Ashley-Pacheco,33342,TPO,East Jonathan,TX,2024-12-01,37.67776,-82.396406
Heather Stanley,"Gonzalez, Barrett and White",31187,Asphalt,Richardbury,ME,2024-09-01,35.139395,-96.663016
Michael Smith,Wood Inc,31691,Asphalt,Jodyside,ID,2024-07-24,34.603135,-116.101834
Laura Reed,"Santos, Wu and White",49425,Asphalt,Andreaberg,SD,2024-07-17,31.691142,-92.522173
Robert Gaines DVM,Lee Ltd,46320,Metal,West Danielmouth,AR,2023-05-23,28.685941,-94.005083
Joanne Alvarez,Gaines-Williams,6362,Asphalt,Chenmouth,PW,2024-10-14,41.31104,-89.872957
Richard Howard,"Douglas, Harris and Camacho",8376,Foam,New Malik,AR,2024-05-21,25.243626,-68.632271
Jessica Greer,Franklin Inc,44262,Metal,West Jason,VI,2024-08-06,29.569755,-74.85851
Ricky Goodman,"White, Ward and Mitchell",17275,Foam,Lake Richardborough,PR,2023-12-05,39.499652,-71.51693
William Fields,Snyder and Sons,8266,Metal,North Suzannemouth,AR,2024-03-12,31.217883,-105.933659
Christina Barker,Smith Inc,44451,TPO,Robertsonhaven,OH,2025-01-02,33.895404,-102.603331
Jessica Middleton,Gonzalez PLC,36246,Asphalt,Suarezport,AK,2023-11-12,45.263889,-103.710264
Veronica Brown,Smith-Johnson,38714,Asphalt,Ortizmouth,NY,2024-01-21,40.37106,-111.406724
Mary White DVM,Villarreal LLC,44022,Asphalt,North Zachary,MH,2025-02-15,38.636029,-84.172887
Ian Clark PhD,"Harris, Bennett and Gilbert",40997,TPO,Grantmouth,MP,2023-10-06,31.716177,-95.966079
Anthony Christian,Neal Group,33512,Metal,Richardsside,RI,2024-01-17,38.57345,-85.903665
Nancy Novak,"Sullivan, Friedman and Nolan",35657,Metal,South Brendaside,NC,2023-11-29,45.122518,-83.121719
Debra Dickerson,Carroll-Barry,12424,Metal,East Stephaniechester,IN,2024-03-05,33.685873,-83.972615
David Schroeder,"Davila, Green and Marquez",46530,Foam,Francisstad,MA,2023-10-18,35.839277,-117.231647
Peter Johnson,Carey-Webster,19587,Metal,South Nicholas,PW,2024-02-01,30.319773,-98.506385
Travis Tran,Martinez Ltd,36861,Foam,North Tina,DE,2023-07-25,42.827783,-97.384428
Steve King,Howell LLC,28608,Foam,Leebury,NV,2024-10-01,46.778952,-77.034639
Julie Cohen,Patel-Beck,33021,Asphalt,Brooksside,TN,2024-11-13,39.906578,-119.659528
Brian Koch,Simpson-Pruitt,29209,Metal,Laurafurt,WA,2025-03-02,29.290571,-68.703741
Phillip Davis,"Lara, Mitchell and Ibarra",36364,Foam,Grimesstad,NY,2025-01-04,48.812255,-99.436205
Carol Moss,"Woods, Perkins and Blair",34916,Asphalt,East Jillbury,NJ,2023-06-21,42.459406,-71.119814
Nicholas Booker,"Davis, Brown and Ortiz",25507,Metal,Franceston,WY,2023-04-20,46.507408,-81.441476
Tiffany Williams,Simpson-Maldonado,44330,Metal,West David,MN,2024-09-08,46.055801,-67.534617
Christopher Harrison,Rowland-Nelson,25245,Metal,Angelberg,UT,2023-05-07,27.457955,-104.605885
Michelle Bass,Dunn-Bender,21903,TPO,New Eric,KS,2025-01-13,46.457782,-72.88411
David Vaughn,Schroeder Inc,17477,Asphalt,New Kathrynmouth,PR,2024-10-07,40.724548,-100.846484
Kristin Willis,Wolfe Group,36439,Asphalt,Lake Steven,WY,2024-11-30,33.952966,-114.184452
Heather Yang,Walker-Sellers,18307,Foam,East Haley,KS,2024-05-06,48.250477,-113.003827
Joel Maxwell,Webster and Sons,37065,TPO,Mendezside,TX,2023-05-01,47.002586,-109.484193
Maria Brandt,"Thompson, Durham and Medina",48277,Metal,Christophertown,ND,2024-08-16,25.648013,-101.860116
Melissa Wood,Weaver Inc,27546,Asphalt,North Nicholas,SC,2024-06-27,33.376194,-117.623271
Mary Middleton,Harris-Stewart,2604,Metal,Lake James,PW,2024-04-17,33.361915,-111.782504
Deanna Fitzgerald,"Rodriguez, Ramos and Elliott",48992,TPO,South Johnland,MA,2023-09-05,31.526206,-103.641329
Sandra Moore,Mccall Ltd,15018,Asphalt,Singletonmouth,PA,2024-09-04,43.818993,-79.043431
James Wilson,Lopez-Schaefer,9765,Metal,Aaronbury,FL,2024-11-27,26.970561,-75.434519
Kyle Smith,Crane-Reid,41347,Foam,North Tina,IL,2023-10-13,43.558066,-113.191156
Mike Campbell,Newman-Hayes,48838,Foam,Lake Casey,WA,2023-11-29,42.672005,-78.965353
Sara Lopez,"Thompson, Schmitt and Salinas",34559,TPO,West Danielhaven,MI,2023-12-29,40.185999,-118.46231
Andrew Vincent,Ruiz-Olson,43812,TPO,West Matthew,NY,2025-02-28,43.768506,-115.429976
Arthur Sanchez,King Ltd,4478,Asphalt,Jamiebury,OK,2024-08-30,30.059456,-100.24976
Elizabeth White,Leon-Stark,29756,Metal,East Vickiborough,LA,2024-08-14,28.021525,-119.34778
Christopher Joseph,Jimenez Ltd,34344,Metal,North Cindy,CO,2025-01-21,43.606786,-102.039247
Steven Kennedy,"Mendoza, Williams and Harris",25021,Asphalt,Samuelton,MA,2024-03-14,34.199717,-104.444094
Krystal Sanchez,Pratt-Williams,6112,Asphalt,New Johnbury,SD,2023-09-16,35.853204,-109.07299
Brandon Morton,Gibbs LLC,25033,Asphalt,Port Melissabury,NE,2023-09-20,39.25951,-117.48185
Cody Gray,"Atkins, Beck and Sanders",42302,TPO,Erikaland,PW,2023-09-12,33.919812,-113.484701
David Dorsey,"Mccall, Dickson and Harding",26208,Foam,North Kathymouth,CT,2025-01-17,27.836368,-85.566991
Jeremy Martin,Peters Inc,1517,Asphalt,East Josephland,ID,2024-12-23,47.215505,-81.634097
Brandon Sanchez,Garcia Ltd,7454,Metal,North Veronicaberg,NE,2023-08-01,28.179152,-69.580844
Gary Ruiz,Craig-Mcneil,38662,Asphalt,Rodriguezbury,DE,2024-10-22,30.060117,-77.583006
Amy Parker,Brooks-King,45676,Asphalt,East Alicia,OK,2024-12-31,37.538196,-89.549526
Anita Hatfield,Sanchez-Sanchez,27503,Metal,Ruizview,MS,2025-04-01,37.853161,-82.300314
Michelle Collins,Johnson Inc,36321,Foam,Isaacside,NC,2024-05-06,29.293878,-110.829826
Mary Harris,Willis and Sons,40960,Asphalt,Gonzalezport,AS,2024-05-31,45.123565,-91.797704
Eric Gutierrez,Taylor and Sons,2089,TPO,North Scott,CT,2024-01-28,36.48844,-107.019167
Alexandra Byrd,"Hammond, Bishop and Garcia",20798,Foam,Andrewville,CO,2024-07-13,26.501824,-120.25855
Jeffrey Gonzalez,Vaughn-Perkins,35970,TPO,Ericborough,CT,2024-05-08,40.547262,-89.749882
Sarah Fox,Boone Inc,9670,TPO,North Victoriafort,RI,2023-09-26,44.244875,-75.205041
James Sosa,Bishop LLC,29791,Metal,Brianburgh,VT,2023-10-21,45.699455,-96.856835
Stephen Spencer,Reyes-Morrison,26972,Foam,Lake Elizabethmouth,PA,2023-05-29,44.655391,-76.644312
Rebecca Mckinney,"Richardson, Preston and Glover",14703,Metal,Farleystad,VT,2024-07-24,42.810726,-113.439139
April Harris,Shelton Ltd,32149,Asphalt,Helenmouth,FM,2024-11-03,35.670622,-110.016903
Clifford Roberts,Ward-Smith,7830,Foam,Port Jennifer,NV,2025-02-14,44.028058,-106.51466
Kimberly Goodwin,Richardson PLC,34908,TPO,West Jamesville,WA,2023-07-29,28.118438,-96.479781
Olivia Sanders,Jones-Herring,29601,Asphalt,South Erin,AZ,2024-06-14,43.987507,-74.688011
Richard Avila,"Rojas, Steele and Powell",23590,Metal,Port Danielton,SD,2025-01-04,40.51944,-118.881216
Samuel Yoder,Barnes PLC,13462,Foam,North Lauraton,NJ,2024-08-08,28.470617,-107.429632
Ronald Mays,"Hart, Suarez and Murphy",24390,Asphalt,New Randall,NV,2024-12-08,47.155799,-90.265647
Heather Davis,"Smith, Gonzalez and Warner",49092,Foam,Stoneburgh,SC,2024-10-20,34.173193,-87.117048
Melissa Brown,Allen-Lawson,10421,Asphalt,Morganview,MS,2023-07-02,43.42507,-74.853793
Jimmy Taylor,Chapman Group,13315,Foam,Collierville,ID,2024-03-21,32.555956,-86.895557
Brandon Welch,"Reed, Wolf and Hensley",2364,Foam,North Jessicamouth,AZ,2023-07-07,43.042119,-118.714545
Todd Solomon,"Anthony, Jones and Martinez",28525,Asphalt,New Alyssaton,WV,2023-04-30,31.854321,-120.411826
Jonathan Ruiz,"Holmes, Russell and Bradshaw",24837,Asphalt,West Bridget,FM,2023-10-29,34.566493,-82.002309
Sherry Macias,Gray-Sawyer,28259,TPO,West Amberville,RI,2024-08-17,43.572784,-122.900726
Michael Garrett,"Hudson, Chavez and Miller",28689,TPO,South Heidi,GU,2024-07-20,29.244402,-116.992889
Mary Brown,Lloyd-Wilson,37605,Foam,Williamshire,ND,2024-05-21,46.725683,-94.622412
Jesse Carroll,Ward-Kelly,49530,Metal,Bradshawmouth,ME,2023-06-06,41.084528,-85.450097
Robert Hodges,"Adams, Booker and Holt",28821,Asphalt,Lisaborough,GA,2024-08-12,48.652007,-69.299334
Lauren Hill,"Johnson, Wong and Giles",26763,Foam,Marymouth,NY,2023-07-14,35.163819,-88.628585
David Sparks,Herrera-Johnson,16533,Asphalt,Williamborough,ND,2023-10-24,39.25914,-73.381004
Jacob Brewer,Brooks LLC,9857,Asphalt,Port Ryan,WI,2023-04-25,42.228559,-119.583411
Latasha Frank,Downs Group,19478,Asphalt,Port Angela,PR,2023-08-18,39.152034,-76.205243
Trevor Matthews,"Cook, Garrison and Smith",20812,Asphalt,New Jacobport,CA,2024-11-08,40.013326,-70.095981
Kayla Turner,Kirk Group,12145,TPO,Christophertown,LA,2023-07-27,38.238349,-69.669883
Robert Smith,Davis and Sons,38382,TPO,North Willie,AS,2024-03-22,35.176452,-121.669432
Jeffrey Williams,"Morales, Norris and Wright",49733,TPO,Scottmouth,SC,2024-06-30,38.864646,-78.99997
Lindsay Clark,Rojas-Forbes,39877,Foam,Murphystad,AK,2024-12-24,35.036733,-120.350504
Karen Foster,Herring Inc,13368,TPO,Stephenmouth,MN,2024-11-15,32.332638,-110.778642
Thomas Wagner,Lopez-Phillips,6749,TPO,East Douglasville,NY,2024-09-24,40.311446,-71.531179
Mrs. Shannon Hughes,"Fischer, Brown and Black",36990,Asphalt,West Sandraborough,NM,2025-01-30,41.793003,-89.230252
Tanya Maldonado,Lopez LLC,47400,Asphalt,Lake Patriciaton,FM,2024-10-31,44.86108,-106.157085
Tiffany Lopez,Martin-Miller,15153,Foam,Paulmouth,SC,2024-05-27,30.462793,-97.576717
Gina White MD,"Campbell, Scott and Oneill",14338,Asphalt,Port Douglasfort,GU,2024-08-05,43.847582,-67.380941
John Jackson,Humphrey Group,46312,TPO,West Vanessachester,NH,2024-11-27,42.289108,-110.313139
Joseph Page,Bell Group,7417,Foam,Baileyview,NE,2023-12-15,46.658911,-123.707296
Christina Schultz,"Wheeler, King and Roberts",48671,TPO,Mooreview,GU,2024-07-08,34.34498,-85.427852
Douglas Phillips,Duran-Nelson,40302,Foam,South Christophershire,FM,2024-04-04,44.353046,-77.1033
Tina Hatfield,Cruz-Henderson,8819,Asphalt,New Kellyton,PW,2023-11-05,48.971521,-72.773412
Adam Petersen,"Sims, Singh and Rubio",44591,Asphalt,West Julieville,VT,2025-02-06,37.291951,-93.762688
William Hart,Bryant-Martin,41708,Foam,South James,RI,2024-09-17,36.147058,-72.748287
Mary Riggs,Bryant Group,37564,Asphalt,West Sheri,AS,2025-01-30,29.269618,-117.565136
Jeffery Jones,"Carter, Wilkinson and Whitaker",13685,TPO,Port Tracyberg,AR,2024-07-01,36.289078,-120.908795
Troy Arroyo,Brewer Inc,32825,Asphalt,Lake Kathryn,MD,2024-12-18,38.039796,-103.089486
Christopher Dominguez,Burnett-Reeves,39438,Foam,New Susan,NM,2024-02-12,37.884343,-74.840905
Patrick Norman,Green-Martin,18378,TPO,North Christopher,OR,2024-07-19,41.489793,-87.136092
Michelle Miller,Miller PLC,37726,Foam,South Staceystad,VI,2023-11-14,37.091648,-73.638955
April Webb,"Parker, Davis and Holmes",43809,Metal,Thomasborough,SC,2024-11-13,34.092445,-103.763798
Trevor Chavez,Montoya Group,15966,TPO,Lindseyhaven,IN,2024-02-02,30.291923,-81.587917
Joseph Blake,Bell-Cannon,43148,Asphalt,New Mark,MS,2023-08-03,39.668702,-77.258526
Rebecca Powell,Fernandez Ltd,14993,Metal,Taraborough,HI,2024-06-03,46.501009,-82.90204
Rachel Martin,"Chan, Allen and May",14139,Foam,Brownport,MD,2025-01-10,43.843612,-95.724407
Joseph Cantu,"Mooney, Gregory and Massey",39441,Asphalt,Rodriguezstad,MS,2023-08-03,39.9157,-100.038849
Keith Mendoza,"Anderson, Ortiz and Phillips",25453,TPO,North Charlesville,FM,2024-08-05,42.161214,-93.708638
Kimberly Cannon,"Figueroa, Benson and Simmons",39433,Metal,East Kellybury,NM,2024-01-01,28.72754,-109.126357
Mark Hanna,Stanley-Edwards,5291,Asphalt,Jonathanmouth,WA,2024-01-29,27.719696,-78.445641
Ashley Austin,Jackson Ltd,25248,Metal,Mortonbury,AR,2024-03-02,43.198039,-90.634436
Lindsay Davis,Lewis-Miller,9672,Metal,Vincenthaven,IN,2024-12-13,31.657709,-94.548684
Marissa Garcia,"Smith, Pena and Gaines",48725,TPO,Lake Michaelmouth,NY,2024-02-21,44.067737,-71.52282
John Ortiz,"Stuart, Tanner and Kidd",37257,Asphalt,Castillochester,NY,2025-02-05,39.825226,-121.202387
Christina Reed,King PLC,38434,Foam,West Kimberlyside,WI,2024-12-29,29.540758,-109.741429
Scott Edwards,Reid Ltd,42151,Metal,Steventown,FL,2024-03-20,39.684362,-71.572624
Shelby Torres,Smith Ltd,43485,Foam,Brendahaven,WV,2025-02-09,48.762644,-87.922106
Thomas Hall,"Smith, Taylor and Hall",38349,Foam,Anneview,MT,2023-10-12,26.756085,-112.64786
Angela Burke,"Glenn, Curtis and Holloway",41178,Asphalt,South Miguel,NC,2024-07-08,27.441955,-88.295684
Sharon Smith,Barajas Inc,36188,Metal,Port Heather,MO,2023-07-10,28.801941,-89.303103
Jason Herrera,Brooks-Mcpherson,7085,Foam,Johnsonhaven,AL,2024-09-20,43.823817,-103.217799
Emily Barajas,Page Inc,39458,Foam,North Mauricefort,AK,2023-10-31,38.956827,-86.620772
Brittney Reid,Gutierrez-Hutchinson,15121,Metal,Lake Josephfurt,AK,2023-09-04,27.057687,-114.308594
Danielle Shepard,"Medina, Maldonado and Vasquez",17158,TPO,Jeffborough,IL,2025-02-06,25.387674,-110.959897
Sara Torres,Perkins and Sons,43539,TPO,Jonestown,PW,2023-09-20,31.882046,-92.142655
James Barry,Erickson Group,26984,Metal,Whitetown,WY,2025-03-31,42.551769,-111.380708
Alan Romero,Carrillo and Sons,5915,Foam,Floresburgh,MI,2024-06-24,31.742375,-122.539467
Keith Curry,"Valdez, Lara and Freeman",5694,TPO,Jasonfort,NJ,2023-12-14,26.049246,-108.396585
Ronald Hart,"Mack, Potter and Beltran",2123,Asphalt,South Jessicahaven,PR,2025-03-18,28.93226,-87.907166
Shelley Fuentes,Lloyd and Sons,27291,Metal,New Aaronville,WV,2023-05-25,40.365034,-120.494786
Rebecca Henry,Sampson Ltd,11182,TPO,Port Aliciamouth,CT,2023-06-23,38.700047,-73.489505
Joy Young,"Ball, Dalton and Lewis",22027,TPO,Lake Scott,CA,2024-08-11,43.091089,-80.509336
Jessica Mitchell,White Ltd,8026,Asphalt,Kleinbury,AL,2023-06-28,30.362581,-107.865869
David Serrano,"Berger, Rogers and Russell",27259,TPO,Royville,MO,2025-02-04,36.19053,-92.682899
Douglas Roberson,Vega PLC,42344,TPO,Deborahborough,NE,2024-03-14,29.953145,-99.039285
Jorge Jordan,Salinas-Jones,10259,Metal,Gabrieltown,IA,2023-04-29,37.733734,-112.973157
Jessica Berger,"Ramirez, Mason and Diaz",48128,Foam,South Joshua,TX,2023-06-17,31.172367,-97.378254
Destiny Carter,"Morales, Owens and Adams",4505,Foam,East Chelsea,IA,2025-01-02,31.476768,-74.437297
Stephanie Farmer,Cohen-Wright,27867,Asphalt,New Cameron,IN,2024-01-15,28.114761,-113.727799
Louis Underwood,Forbes PLC,17103,TPO,Johnathanside,UT,2023-09-30,47.73149,-85.505073
Scott Harrell,"Juarez, Myers and Watson",35995,Metal,New Markport,TX,2024-12-18,25.066405,-89.352813
Mrs. Victoria Jones DDS,Brown-Hall,21550,Foam,Deborahchester,OR,2023-12-29,47.448748,-93.556863
Darrell Miller,Butler-Anderson,20450,TPO,Lake Kaylamouth,OR,2023-09-06,33.873444,-84.264393
Crystal Johnson,"Bird, Pacheco and Barnes",29775,Asphalt,West Christopherland,NH,2024-10-02,28.17603,-118.999555
Aimee Lee,"Doyle, Wilson and Sharp",18253,TPO,West Michaelfurt,MH,2024-06-30,47.939042,-81.198689
Sara Arnold,"Anderson, Arroyo and Duran",41455,Foam,Jamesside,MT,2023-10-04,25.004297,-98.506492
Lisa Hicks,Hurley-Howard,36319,TPO,Roberthaven,MH,2024-11-30,36.74513,-115.002125
Vincent Jones,Herring Ltd,22639,Asphalt,North Sabrinaview,NV,2024-03-01,41.128179,-69.224582
Shaun Nolan MD,Thompson-Booker,25195,Foam,Lake Rebecca,MO,2024-03-04,30.680582,-81.185919
Evelyn Whitehead,Small-Cole,43344,Metal,Adrianbury,TX,2024-01-24,39.308702,-109.376863
Lori Gonzalez,"Lopez, Pace and Cortez",42166,Metal,Woodardstad,VI,2024-11-25,46.256968,-68.241247
Robert Hamilton,Gray Group,25443,Asphalt,Lake Jessicashire,RI,2024-04-30,37.990655,-101.007963
Mary Cabrera,Henderson PLC,8857,Asphalt,West Josephton,MP,2023-10-31,29.743833,-90.992698
Maurice Jackson,Hall-Calderon,16582,Asphalt,Paulaside,ID,2023-08-12,43.530084,-79.003102
Mr. Christian Wu,Sullivan-Arnold,41189,TPO,New Ethan,ID,2025-02-15,30.673912,-99.002562
Sandra Collins,Dyer PLC,28128,Asphalt,East Robertside,FM,2023-07-13,37.294299,-84.807336
Regina Montgomery,Adkins PLC,33843,Metal,Wagnerstad,CO,2024-06-14,39.962923,-119.293726
Anna Hoffman,"Taylor, Hutchinson and Fowler",4682,TPO,South Daniel,NE,2023-11-26,43.844041,-105.925352
Andrew Williams,"Thomas, Herrera and Smith",7208,Foam,Shannonfort,MT,2024-09-26,37.994843,-84.169688
Andrew Brennan,French-Smith,42645,TPO,North Erica,AZ,2024-11-24,33.555463,-88.219312
Kristin Mcclure,Moore Ltd,4893,Asphalt,Margaretport,WY,2023-11-11,25.52955,-87.682253
Jamie Myers,Coleman Ltd,9484,Metal,Michaelstad,OH,2024-12-25,29.57944,-109.101399
Brandy Floyd,Morris Group,4142,Foam,Hernandezberg,NY,2025-01-11,47.57301,-73.530547
Michael Edwards,Cisneros PLC,7297,Foam,Ayalaside,ND,2025-02-07,46.26843,-80.022256
James Pierce,"Miller, Bailey and Humphrey",39875,Asphalt,Stephanieshire,MA,2023-08-27,31.008396,-92.223643
Erik Henry,Stewart-Rogers,21922,Metal,Calvinbury,WA,2025-03-05,34.829762,-96.123139
Mr. Justin Scott,Perez-Barrett,18627,TPO,North Sherry,MD,2024-12-13,42.61276,-121.494247
Joshua Boone,Mathis-Williams,26624,Metal,Stephenshire,NH,2023-06-09,28.678884,-123.074937
Sean Thomas,Hernandez PLC,1789,TPO,New Thomas,UT,2023-07-05,26.140132,-78.153368
Bob Gonzalez,"Barber, Perez and Cameron",29102,Asphalt,Donnastad,VT,2024-12-13,43.958583,-88.039864
Steven Snyder,"Garcia, Kerr and Carey",12894,Asphalt,Nicholasside,AK,2023-07-07,43.406779,-118.90458
Scott Coffey,Johnson-Horton,36620,Asphalt,Kelseystad,KY,2024-05-09,47.737145,-91.98736
Holly Reynolds DDS,"Thompson, Fowler and Hahn",41237,Metal,East Darlene,OH,2024-11-06,34.560792,-95.637797
Joshua Allison,"Woodward, Duncan and Haynes",48390,TPO,South Kevin,MD,2023-07-02,43.645256,-96.163071
Megan Sampson,Estrada PLC,20681,Metal,Charlesmouth,WA,2024-06-06,45.252891,-85.998192
Scott Rogers,Rogers-Phillips,10026,Metal,Watsonshire,IN,2023-05-01,35.179572,-111.198991
Cory Patterson,Pham-Mccarthy,2068,Metal,Lake Jenniferfurt,IA,2023-07-03,34.192525,-78.333109
Mary Gonzales,Martinez-Wyatt,8195,Foam,Riverafurt,NC,2023-07-29,33.125889,-80.446263
Erica Oliver,"Watkins, Singleton and Griffith",34107,Foam,North Ashley,GU,2023-07-31,47.022249,-82.704533
Scott Hill,Jones-Anderson,14199,Foam,Wallacechester,MS,2023-06-01,32.046268,-68.654928
Richard Hayes,"Kelly, Rodriguez and Miller",7804,Asphalt,Lake Kyletown,SD,2023-06-11,35.538143,-91.48579
Diane Butler,Lee PLC,42318,TPO,Port Christopher,AK,2024-05-23,36.645134,-111.276023
Robert Holder,"Porter, Baker and Holmes",23836,Asphalt,Port David,MD,2023-11-22,28.358372,-116.411263
Pamela Collins,Harris-Bennett,19119,Foam,Vanessastad,UT,2024-09-26,40.14779,-83.774909
Cathy Thompson,Scott-Frazier,40694,Asphalt,Bairdbury,MA,2025-01-02,29.296737,-84.252018
Christine Smith,Lee PLC,31908,Metal,North Autumn,WI,2024-12-28,48.412712,-79.492022
Ryan Conley,"Simpson, Choi and Padilla",30249,Foam,Jonesport,WV,2023-11-08,32.969201,-97.236802
Andrew Underwood,Washington Ltd,3402,TPO,Julieberg,NV,2024-07-24,41.598283,-121.599827
Robin Jones,Simpson-Ray,7937,Metal,East Edwardstad,AK,2023-07-07,46.899901,-71.219265
Gregory Rodriguez,Bennett-Decker,14184,Asphalt,Carlafort,MI,2024-12-02,45.579526,-76.847139
Joe Lee,Allen and Sons,18246,TPO,West John,IN,2023-11-30,38.2536,-79.027058
Anthony Jones,"Hernandez, Mathews and Cruz",19952,Metal,New Sharon,MP,2024-09-23,34.712406,-81.842626
Karen Garcia,Martinez-Cole,45676,Asphalt,Lake Rachel,NY,2023-11-09,37.219244,-97.578717
Brad Lewis,"King, Moreno and Kramer",18104,Asphalt,East Lisaton,IL,2023-09-16,44.872976,-90.645861
Sean Leblanc,"Gillespie, Peterson and Anderson",49965,Metal,Johnmouth,GU,2025-02-28,48.016878,-111.738845
Sarah Velez,"Whitaker, Stokes and Palmer",26673,TPO,Sethborough,TN,2024-01-19,42.862967,-83.677353
Jacob Morales,Wood Group,40909,Asphalt,Lake Melinda,OH,2023-09-09,32.009375,-112.700676
William Monroe,Roach LLC,28386,Asphalt,Thompsonburgh,PW,2023-11-15,25.307639,-119.911596
Jill Pham,Gonzalez PLC,25059,Metal,Lake Charles,SC,2023-09-11,47.308088,-92.480964
Robert Sanders,Wallace-Marshall,32065,Asphalt,Obrienfort,IL,2023-12-05,27.18855,-93.46786
Steven Pitts,"Skinner, Martin and Baker",10645,TPO,Port Manuel,FL,2025-04-10,40.288924,-80.560548
Shari Carter,Bates-York,46350,TPO,New Brian,KS,2023-12-28,28.218662,-113.921252
Robert Miller,"Lewis, Krueger and Tran",5620,TPO,New Jessicaberg,AS,2023-10-28,39.277771,-70.02232
Brooke Moore,"Jacobs, Hogan and Sanchez",13331,TPO,Williamsshire,WA,2023-09-16,46.312024,-111.133238
Thomas Jordan,Hill Inc,36305,Asphalt,Carneyfort,NE,2025-04-07,25.499766,-93.618603
Mackenzie Adams,"Sandoval, Abbott and Delacruz",1201,TPO,Glennhaven,AR,2025-03-01,36.510095,-68.262845
Craig Lamb,Aguilar and Sons,49497,Foam,Thomasfort,NE,2025-01-13,31.399088,-116.662972
Laura Marks,Brooks-Callahan,30576,Metal,South Alyssa,AZ,2025-01-16,33.353899,-105.208988
Donna Brown,Davis Ltd,33972,TPO,Georgeland,AZ,2023-12-07,42.6982,-90.486222
Melissa Hayden,Porter and Sons,36907,Asphalt,Michaelview,IA,2023-07-20,42.047239,-109.751613
Sarah Fisher,"Mueller, Adams and Elliott",49824,Asphalt,Millerton,GU,2024-09-04,25.731226,-93.984004
Christopher Carr,"Bennett, Smith and Garcia",14139,Foam,Pattonberg,GU,2025-02-21,37.811032,-70.078841
Kyle Taylor,Rice Inc,9730,Metal,East Christina,GA,2023-07-16,46.96945,-74.089709
Jacqueline Walker,Rojas-James,39414,Asphalt,Haynestown,WA,2024-11-04,47.75695,-85.586293
Brian Ho,"Hunter, Rose and Holloway",18933,Metal,New Christina,AR,2024-05-13,27.236443,-83.570229
Alexander Lee,Clay Group,3135,Asphalt,New Johnshire,SC,2024-02-01,29.459715,-110.346931
Matthew Sparks,Perkins-Le,42141,Asphalt,West Melissa,GU,2025-01-08,38.918789,-121.796779
Gabriel Potts,Walker and Sons,35405,Asphalt,Vickieburgh,IN,2024-02-17,25.314447,-122.089871
Gloria Campbell,"Barnes, Blake and Eaton",23789,Asphalt,East Evan,NE,2023-10-06,35.492006,-117.641801
David Torres,"Hernandez, Brewer and Smith",45073,Foam,Port Travisville,DC,2023-05-19,45.246277,-74.194819
Christopher Jones,"Copeland, Elliott and Olson",25101,TPO,North Desiree,MN,2025-01-27,42.58123,-117.488643
Jason Jones Jr.,Anderson Inc,43136,Asphalt,Lake Kristinefort,RI,2023-08-08,45.185199,-70.384461
Jesus Williams,Glenn-Hernandez,4078,Metal,Kristopherberg,AK,2025-03-06,34.131239,-74.676075
Kevin Harris,Allison LLC,32788,Foam,Lake Paigefort,MD,2025-01-14,40.519537,-94.323056
Ashley Mccullough,Cochran and Sons,2660,TPO,Jarvisside,HI,2023-08-29,44.685173,-111.291432
Seth Phillips,West-Conway,38258,Foam,Baileyview,FL,2025-04-11,43.9795,-113.467651
Amanda Ford,"Turner, Griffin and Garcia",48958,TPO,Port Jordan,MS,2023-05-10,25.366663,-79.054561
Michael Harris,"Robinson, Davis and Roberson",38136,TPO,East Scotttown,OH,2023-07-25,47.489518,-81.69406
Rhonda Watkins,Owen-Odonnell,30484,Metal,North Maryhaven,DC,2023-12-27,36.681767,-98.528689
Michael Dixon,Myers-Curtis,20182,Foam,Port Eric,ID,2023-10-08,36.45641,-120.617131
James Harvey,"Lawrence, Parks and Scott",46807,Foam,Lutzton,NC,2023-04-30,36.712936,-78.259679
David Bowers,"Miller, Lewis and Martinez",10765,Metal,Desireebury,MO,2024-10-18,38.947267,-113.71613
Jeffrey Smith,Peterson PLC,31067,Asphalt,Bonniestad,WI,2023-06-19,29.361452,-76.717719
Michael Jones,"Smith, Atkinson and Myers",49861,Foam,West Emilyville,DE,2025-01-30,44.897192,-80.816332
Kimberly Velasquez,Ward-Wagner,11402,Metal,East Nicholas,DE,2023-04-22,40.890735,-111.035723
Kelly Peterson,Obrien Ltd,6577,Asphalt,North Katherineview,PA,2023-06-12,46.894429,-103.052317
Jeffrey Berry,Meyer Group,43702,TPO,Serranoborough,ME,2024-01-08,37.329921,-100.93188
Marc Church IV,"Lopez, Ruiz and Rice",34171,Foam,Samanthastad,CA,2024-12-29,25.8443,-75.546211
Mr. James Gonzalez,Riley-Collins,3751,Foam,New Kimberly,IN,2024-02-27,48.125895,-115.047066
Mr. Joseph Green,"Griffin, Gilbert and Diaz",11561,Asphalt,Reevesburgh,AZ,2023-10-03,34.822299,-118.06228
Gregory Todd,Ferguson-Hunter,42407,Foam,West Jessicabury,GA,2024-10-23,45.571544,-70.250156
Tara Johnson,Burns-Rasmussen,21816,TPO,South Ericton,CT,2023-10-07,30.23638,-74.618705
Kayla Morgan,Cox-Williams,30308,Foam,Castillotown,DC,2025-02-17,26.183014,-110.266249
Bradley Hall,"Villarreal, Wilkins and Weber",28830,Metal,Lake James,ME,2024-05-22,32.368956,-115.100838
Lisa Davis,Turner Inc,47727,Asphalt,Keithfort,CA,2024-06-05,48.588476,-97.664606
Barbara Ruiz,"Callahan, Saunders and Gray",16275,Metal,Lake Colinstad,PA,2025-01-27,33.946086,-116.97047
Jesse Rodriguez,"Steele, Rodriguez and Ellis",10136,Metal,Sandraland,NH,2025-01-31,43.455608,-98.272732
Steven Schaefer,Smith Inc,30409,TPO,Wongfort,NM,2024-07-07,41.81497,-116.183966
Robin Ward,"Kim, Clark and Taylor",44401,Metal,Port Marcus,TX,2023-10-30,30.995538,-88.163302
Jorge Lopez,"Hall, Bennett and Stanley",37827,Asphalt,Lake Austinburgh,LA,2024-06-12,26.669134,-114.101902
Brittany Martinez,Leon-Lee,2833,Metal,East Scottport,PA,2024-01-26,37.363429,-120.736241
Michael Andrade DDS,Cruz-Nelson,37653,TPO,Millerview,TN,2025-03-23,47.315568,-99.572457
Carl Williams,Whitaker-Duran,25945,Metal,Michaelville,GU,2023-08-05,45.070205,-114.857232
Robert Campbell,"Gray, Krause and Stone",2769,Asphalt,South David,IA,2023-06-14,32.055105,-113.158557
Charles Blanchard,"Harris, Kelley and Armstrong",19502,Metal,Lake Justinville,MO,2023-04-18,37.115295,-95.464537
Robert Hernandez,"Mullen, Moore and Mitchell",13606,Asphalt,New Joshua,NY,2024-02-08,32.836567,-104.089268
Michael Guerrero,Smith PLC,29263,Asphalt,Port Valerie,FL,2024-11-13,30.321757,-109.47019
Jacob Carrillo,"Duncan, Perez and Morrison",12592,Foam,Smithport,IN,2023-06-09,25.463182,-81.730046
William Jones,Miller Group,37193,Metal,Port Michaelville,PW,2025-03-25,33.944431,-77.033564
Jeffery Gordon,Brown-Roy,21475,TPO,Reginaldbury,CT,2025-04-11,41.799451,-68.102516
Mark Jones,Hawkins Group,22357,Metal,West Kennethshire,UT,2024-10-30,47.550251,-81.799942
Albert Lewis,Cummings-Blevins,36812,TPO,Port John,ND,2024-03-14,43.001736,-120.820411
Briana Curry,"Thompson, Ramsey and Williams",3123,Asphalt,South Adriantown,FL,2024-03-20,40.023767,-101.354095
Lynn Larson,"Powell, Anderson and Freeman",21039,TPO,Dillonton,WY,2024-10-31,31.87133,-76.761107
Eric Williams,Pierce Inc,22625,Asphalt,Millerstad,NV,2024-03-10,36.316455,-76.650421
Eric Joyce,"Rodriguez, Fisher and Cruz",42100,Foam,Richardton,IN,2023-12-21,25.262347,-84.31786
David Drake,Steele-Wood,37368,Asphalt,Williamschester,GA,2023-05-22,35.406971,-94.261555
Janice Guerrero,"Haney, Mckay and Green",34327,Asphalt,Lake Aaron,VA,2023-12-18,45.444537,-89.980796
Debra Mitchell,West-Juarez,28107,TPO,South Jessicaside,MI,2024-04-08,28.635612,-119.627081
Chase Brown,Arroyo-Johnson,18369,Foam,Sherrifort,MI,2024-06-06,39.365098,-102.809977
Paul Patton,Bell Ltd,38881,Metal,West James,TX,2023-07-18,27.355918,-109.173521
Alicia Miller,"Price, Chapman and Wilson",19687,Asphalt,Fernandezland,TX,2023-08-25,33.049345,-95.998944
Ian Johnson DVM,"Woods, Lawson and Knox",39956,Metal,Colinbury,DE,2025-02-25,25.825764,-108.374139
Katherine Murray,Bradford and Sons,22559,TPO,North Ricardo,AZ,2024-11-05,39.188659,-110.969036
Pamela Garrett,"Cox, Delacruz and Grant",40164,Asphalt,Bryantborough,DE,2024-04-21,27.971543,-77.306943
Carlos Fowler,Howell-Thomas,20975,TPO,New Heatherberg,AR,2024-04-26,45.704495,-89.264325
Michelle Gordon,"Valentine, Lane and Hill",12793,Foam,New Robert,NC,2025-02-19,32.752055,-112.329804
Stephanie Ortiz,Mathis-Booth,31068,Asphalt,Fernandezview,FL,2024-07-07,35.100874,-87.369677
Nathaniel Hart,Walker-Trujillo,49944,Foam,North Jasonside,NY,2023-04-28,28.810511,-118.287954
Lisa Miller,Choi-Barker,19171,TPO,Lake Jessica,NV,2024-03-25,35.841187,-113.932444
Ann Freeman,Booker-Scott,13879,Metal,Nathanfurt,LA,2023-05-08,41.777311,-115.869842
Andrea Fowler,Leonard and Sons,38245,Asphalt,Gonzalesland,PR,2025-02-25,25.352206,-108.577338
Erika Moore,Padilla PLC,28932,TPO,New Sarachester,MI,2023-07-28,33.541323,-78.317554
Zachary Case,"Clark, Jimenez and Price",26589,Asphalt,Russellmouth,IN,2023-11-26,48.848322,-74.77061
Donald Burch,Smith Group,30796,Asphalt,Maryport,MD,2024-03-13,37.239974,-106.68694
Edward Myers,Horn-Small,43829,TPO,Normaville,NY,2024-09-18,26.919277,-93.113551
Larry Harris,Hamilton LLC,12195,Foam,Hughesbury,NC,2024-12-18,48.381057,-93.941863
Joe Roberts,"Jenkins, Harris and Bell",45701,Foam,Hillport,AR,2024-05-26,26.339834,-104.063484
Leslie Perez,Flores-Allen,37417,Metal,Carlosborough,SD,2025-03-08,28.059425,-94.764731
Timothy Williams,"Flores, Smith and Simmons",20734,Foam,Petersland,CT,2023-11-04,31.563106,-85.008274
Kimberly Garrett,"Mccormick, Chambers and Craig",39119,Metal,Marthaberg,GA,2024-12-19,35.831029,-74.831074
Spencer Davis,Wiggins Inc,16396,Asphalt,New Kenneth,TX,2025-01-07,42.938518,-94.560524
Micheal Scott,Rivera and Sons,43835,TPO,East Amandabury,NJ,2024-04-06,25.844385,-86.604851
Scott George,Cox Group,30887,Foam,East Brianville,AS,2024-09-07,34.559966,-104.77525
Philip Wolf,Fritz PLC,2133,Metal,West Donaldchester,NE,2023-09-18,41.553975,-69.285983
Jacob Jimenez,"Grant, Thomas and Miller",36367,Asphalt,Vangberg,AL,2024-09-25,47.35354,-109.519987
Kimberly Johnson,Small-Gray,49314,Asphalt,New Tracytown,PR,2023-11-04,32.591205,-69.19519
Tracy Ross,Chan-Moore,40914,Asphalt,Lake Michaelfort,IA,2024-08-02,31.524281,-79.404367
Michele Black,Hudson and Sons,48636,Metal,Valdezmouth,AR,2024-10-09,28.461889,-110.70807
Laura Carter,Barnes-Jensen,9619,Asphalt,North Derrickberg,CO,2023-08-13,40.619564,-95.234855
Hannah Mckinney,Leonard and Sons,11828,Foam,Lake Danielview,VT,2025-02-08,30.420168,-85.869672
Lisa Bartlett,"Fox, Chavez and Steele",36082,TPO,Marshallberg,FM,2024-09-29,34.996503,-87.793838
Jonathan Stephens,Allen LLC,26920,TPO,New Michael,KS,2024-03-11,40.877257,-117.773144
Ashley Jackson,Blake-English,3206,TPO,Marshallmouth,AS,2024-02-10,26.226942,-88.946655
Tyler Collins,Anderson Ltd,27121,Asphalt,Lake Margaret,DC,2024-01-06,42.732016,-102.636294
Taylor Allen,Stanton and Sons,25235,Asphalt,North Anne,KY,2023-11-02,44.397144,-106.015267
Joseph Stafford,Clayton-Gibson,35749,Foam,Justinton,VA,2025-01-15,35.673697,-105.160163
Douglas Thomas,Kelley-Tucker,35173,Metal,Griffinside,ND,2023-05-25,46.672988,-110.09247
Michael Brown,"Hensley, Williams and Chambers",14280,Metal,Jenkinsbury,HI,2023-08-11,46.333077,-110.032522
Peter Harrison,Jones LLC,41599,Asphalt,Hilltown,MS,2024-07-30,25.710678,-93.973009
Pam Hicks,Larson and Sons,2074,Foam,Yvetteland,UT,2025-01-25,45.281744,-111.863968
Matthew Walker,Levine Ltd,9986,Metal,Huntfurt,OH,2023-11-26,44.568283,-104.645267
Toni Lawson,Mullen-Hill,47818,Foam,Michaeltown,VT,2025-01-07,38.464889,-91.178714
Carrie Clark,Barnes Group,42833,Foam,New Kimberly,FL,2024-06-25,35.567001,-95.135698
Amber Rivas,Roy Inc,44670,Metal,Stephenburgh,MA,2023-06-26,25.369443,-67.167444
Emily Morgan,"Richardson, Powell and Ryan",1416,Asphalt,New Markview,NY,2023-11-26,47.527135,-97.756566
Joanna Smith,"Drake, Dalton and Norton",43740,Asphalt,New Rachelland,MS,2023-11-29,28.687234,-105.652274
Christian Gentry,Terry-Austin,33090,Asphalt,Robertstad,KY,2023-11-11,33.858729,-121.757517
David Thompson,Nelson Group,10992,Asphalt,Ericmouth,WV,2025-01-27,27.933261,-74.545761
Jacqueline Blanchard,"Bennett, Fuller and Jones",44377,TPO,Danielstad,CA,2023-07-28,40.904469,-68.810751
Shelly Romero,"Lopez, Ellis and Jacobson",41524,Metal,North Timothyfurt,MN,2024-04-02,25.353346,-81.336648
Scott Williams,Olson-Flores,1149,Foam,Vazquezshire,VA,2023-11-16,38.329003,-97.332288
Mary Garrison,"Reed, Hardy and Matthews",28459,Asphalt,Mcdonaldmouth,MO,2024-02-16,47.803489,-105.116534
Joshua Davis,Woods Group,36478,Foam,Phillipside,MP,2024-03-24,45.665477,-116.867769
Charles May,"King, Davis and Reeves",37974,Metal,Port Sethview,IN,2025-02-11,47.745034,-111.422612
Kevin Shaw,Burke Ltd,25429,TPO,Joshuamouth,OR,2025-03-31,48.775008,-98.225089
Austin Peterson,Roy-Davis,15390,Foam,New Stephenshire,PW,2024-12-02,31.003964,-72.783926
Philip Hill,"Davis, Lawson and Wade",40508,Metal,Quinnhaven,CA,2024-10-02,40.785536,-110.187928
James Bates,King Group,43449,Foam,Mcmahonside,UT,2024-11-24,47.11481,-87.218917
Justin Price,Mccoy-Tyler,44251,Asphalt,Christopherton,MS,2024-07-19,48.209356,-114.315199
Edward Alexander,"Thomas, Roberson and Davis",42206,Metal,South Kellyberg,PW,2024-12-01,48.953632,-79.829938
Melissa Hill,Bonilla-Patterson,4031,TPO,New Matthewside,PA,2023-11-20,32.673253,-105.322788
Steven Ramirez,Richard-Morrow,18093,TPO,Hunterland,WI,2025-02-12,28.354997,-98.691147
Darrell Casey,Peters LLC,16244,Foam,Flowersshire,IL,2024-02-06,43.897208,-77.510708
Marissa Richardson,"Daniels, Hamilton and Ruiz",12852,Metal,New Annaville,PA,2023-11-05,45.924128,-100.967107
Michelle Crawford,Patterson-Miller,15061,TPO,Brownton,NH,2023-09-13,33.344877,-85.998212
Stephen Lang,Kelly-Rice,14366,Metal,Lake Jordanburgh,RI,2024-01-04,34.375882,-110.012735
Linda Hayes,Marshall-Morris,33120,Asphalt,New James,NV,2023-11-20,47.961276,-112.796965
Mary Nelson,Gonzalez Ltd,6632,Metal,Dominguezview,HI,2025-04-13,26.522106,-70.393122
Mark Mckay,Jackson Group,26156,TPO,East David,WA,2024-09-01,36.144993,-105.924309
Donald Odom,Young-Ray,37410,Foam,Gonzalezmouth,MD,2024-08-01,27.647759,-107.607495
Heidi Burton,Hernandez-Campos,27742,Metal,Port Michaela,CO,2023-05-01,26.543242,-103.083612
Bonnie Larson,Shaw-Jimenez,11950,Metal,East Christine,CA,2023-12-02,46.540772,-91.856446
Clifford Wilson,Camacho-Lee,28285,TPO,Russellport,WA,2023-12-17,30.902943,-119.791306
Christopher Peterson,"Gonzales, Powell and Wiggins",12115,Metal,South Heatherfort,VA,2024-06-18,44.539808,-96.999147
Kyle Burton,Murphy Inc,26886,Asphalt,Baxterside,DC,2024-01-26,42.227567,-118.867994
Jason Gray,Li Group,39736,Asphalt,New Vanessaberg,KY,2024-10-23,39.048411,-67.222074
Emily Parsons,Werner and Sons,49660,Metal,Thomastown,IA,2025-03-23,28.119824,-97.30746
Christopher Ortiz,Jordan Inc,17584,Foam,East Joyce,NH,2025-03-15,34.042109,-123.558669
Paula Davis,Frost-Jacobs,5541,Metal,Jonathanside,HI,2024-03-23,45.985664,-102.381024
Melanie Martinez,Gonzalez LLC,4515,Asphalt,Sharonport,AL,2023-12-08,35.563517,-86.548719
Lori Robinson,"Nelson, Dixon and Pruitt",41011,Metal,Douglasberg,OK,2024-11-05,27.440901,-108.017131
Pamela King,"Johnson, Flynn and Green",4442,TPO,Debbieborough,NV,2024-05-07,30.601191,-82.92935
Jenna Leon,"Graham, Crosby and Gray",39184,TPO,Eriktown,IN,2025-03-29,25.395992,-70.649725
Anthony Myers,Hurley Ltd,17372,Metal,Robertburgh,WV,2024-11-15,36.633146,-96.938357
Robert Ware,"Brown, Garcia and Wilcox",33119,Asphalt,New Amandaville,NC,2025-01-09,32.106331,-109.769305
Christine May,Roberson-Gilbert,25297,Metal,East Jill,RI,2024-01-06,38.323012,-112.668943
Keith Roach,Smith-Greene,34877,Asphalt,Rhodesview,MH,2024-12-27,41.81278,-114.01539
Michael Ford,Edwards-Johnson,24916,Asphalt,Port Jamie,MD,2025-01-30,39.078779,-117.732126
Sharon Miller,Ward Group,32551,TPO,Diazshire,NM,2024-08-27,29.50345,-87.401879
Zachary Torres,Carr Ltd,20394,Asphalt,Karentown,NV,2023-09-17,40.106146,-68.339342
Michael Wolf,Jackson and Sons,34751,Metal,North Christine,SC,2025-01-15,30.402126,-105.01839
Kayla Woods,"Roach, Johnson and Case",18109,Foam,East Melissa,MN,2024-09-23,46.821712,-71.437707
David Ruiz,"Ward, Howell and Lam",3721,Asphalt,North Mitchell,MS,2025-03-11,26.21933,-100.329287
Kenneth Flowers,Steele and Sons,8589,TPO,Lake Edwardton,AS,2023-12-07,32.526018,-84.553906
Gina White,"Hamilton, Carney and Price",6421,Foam,Chavezborough,DE,2025-04-06,25.563576,-120.169134
Richard Griffin,"Rios, Fisher and Rogers",5561,Foam,Anthonymouth,SD,2025-03-09,42.534347,-90.090426
Tracy Terry,Bailey-Jordan,6701,Foam,Keithchester,CA,2025-01-20,29.314283,-103.725155
Amber Reeves,Griffith-Jones,36012,Metal,Sarahview,NM,2023-07-27,27.055113,-70.381233
Jessica Foley,Li-Watkins,32401,Asphalt,Seanport,WI,2024-04-08,42.685356,-120.448679
Robert Wolfe,Rogers-Smith,31881,TPO,Davismouth,OK,2023-08-11,41.176608,-119.864374
Jordan Williams,Whitaker LLC,48150,Metal,Jenniferton,AL,2024-05-10,40.312405,-101.263278
Shane Franco,Harris-Schneider,19479,Metal,East Dylanburgh,MP,2023-04-28,46.237262,-72.409208
Sara Yates,"Hernandez, Peterson and Gomez",14878,Foam,Silvabury,MP,2023-10-27,33.503702,-98.562771
Tracy Richards,Jenkins-Thompson,42584,Metal,Whiteside,CT,2024-05-04,37.676089,-115.405689
Kristy Robles,Wilson-Stevens,6475,Foam,North Josephmouth,AS,2023-07-08,47.619099,-73.47127
John Chavez,"Rivera, Knapp and Anderson",24785,Asphalt,East Leslie,TN,2024-06-18,48.589172,-111.32085
Brent Valenzuela,Sutton PLC,39769,Foam,Michaelborough,IN,2024-02-10,47.921654,-112.897856
Debbie Avery,Bates-Joyce,30870,Metal,South Carol,OK,2024-09-01,42.71684,-123.280384
Peter Butler,"Payne, Taylor and Goodwin",41122,Metal,Morganfort,VI,2024-02-11,31.005934,-85.927484
Frederick Blair,"Warren, Alvarez and Marquez",19012,Metal,Lake Angelatown,AK,2024-08-26,29.147667,-122.618238
Dennis Ramos,Hall-Goodwin,4607,TPO,Richardshire,PW,2024-04-17,46.017397,-98.481929
Matthew Cardenas,"Miller, Coleman and Collins",43182,Asphalt,North Dillon,RI,2023-09-05,41.488223,-92.084246
Courtney Holmes,Lopez-Hamilton,14025,Asphalt,Lake Bradley,NV,2024-07-20,38.317425,-85.931576
Bryan Jones,"Bates, Chavez and Castro",16980,TPO,New Kylestad,AL,2024-07-11,37.14705,-111.855841
James Santana,Stewart-Webb,1816,Foam,Port Corey,ND,2024-01-28,38.240316,-106.286028
Darius Medina,Vasquez-Lawson,13972,TPO,Rachelville,AK,2024-06-25,30.822288,-103.108764
Sabrina Spencer,"Reynolds, Gregory and Ellis",21424,Foam,Samanthaborough,MA,2023-10-03,35.358414,-90.855175
Lisa Sharp,"Donaldson, Rosario and Kim",12095,Asphalt,Port Ashleyshire,SD,2024-04-21,35.930677,-84.844034
Eric Gonzales,Phelps-May,41670,Foam,North Brandonchester,LA,2024-02-19,36.255473,-75.512149
Todd Lopez,Moore LLC,36609,Asphalt,New Lawrence,PA,2023-07-03,44.886408,-92.067301
William Rosales,Bishop-Smith,10791,TPO,Wilsonmouth,DE,2023-10-19,40.477573,-110.554887
Patricia Jones,Johnson-Benson,31041,TPO,Ritaborough,HI,2024-08-14,43.713661,-81.042198
Trevor Christian,"Jordan, Webb and Dennis",21234,Foam,Rodriguezfort,MS,2023-10-01,43.752588,-119.539347
Jamie Lopez,Price Ltd,38555,Metal,Port Sara,ID,2025-04-08,28.401529,-74.856356
Sara Williams,Joyce-Ryan,5923,TPO,East Brittneyshire,MD,2024-01-26,35.71493,-67.797571
Donna Huffman,Woodward Inc,33767,Asphalt,Markmouth,MN,2023-12-22,47.891513,-85.18879
Lisa Cisneros,Brown Inc,27458,TPO,Port Ryan,FL,2024-06-10,42.983815,-104.610817
Heidi Jacobs,Diaz PLC,20820,Metal,Jenniferbury,HI,2023-07-04,42.471435,-96.439777
Sara Nichols,"Johnson, Wilson and Meyers",35035,Metal,Nelsonborough,AL,2024-10-08,25.203493,-81.384919
Hayley Moss,Adkins-Taylor,47051,Foam,Wagnerton,NJ,2024-01-28,45.320512,-87.650568
Eric Yoder,"Jimenez, Nelson and Gaines",28693,Foam,South Elijahville,UT,2023-09-29,38.525075,-108.416424
Melanie Warren,Pacheco-Holloway,6179,Foam,South Cassidy,VT,2024-06-07,36.746389,-99.687916
Andrew Glover,Carter-Campbell,36066,Metal,New Frankborough,VT,2024-08-17,40.436352,-97.224506
Vicki Ford DDS,Griffith PLC,11303,Metal,Duffyhaven,KS,2024-01-20,30.579959,-76.57019
Keith Smith,Palmer-Thompson,20069,Foam,Kellyport,NY,2024-10-28,33.582241,-100.36288
Isaac Daugherty,"Drake, Kaiser and Johnston",6990,Asphalt,West Christophermouth,OH,2024-11-16,41.391949,-89.24757
Christopher Hernandez Jr.,Mason-Mitchell,6550,Asphalt,Julieberg,ND,2024-06-24,42.550066,-82.497798
Sergio Anderson,Marshall Inc,40064,Asphalt,New James,ND,2024-05-14,46.042918,-84.949072
Heather Wright,"Frazier, Davis and Lopez",13668,Asphalt,West Melissaside,NM,2024-12-21,47.727133,-79.417295
Lauren Miller,Wilson-Grant,3925,Foam,East Janetside,VA,2023-08-07,44.829943,-88.336389
Brenda Campos,Smith LLC,42510,TPO,Kimhaven,WI,2024-12-23,41.717718,-91.709915
Antonio Price,"Wilson, Johnson and Simon",22030,Asphalt,Campbellburgh,PW,2023-10-10,27.437453,-84.84185
Ashley Mcdonald,Hudson-Jones,46320,Metal,Mccoyborough,WY,2024-09-16,41.177996,-121.236081
Philip Butler,"White, Warren and Leach",19513,TPO,Lake Martin,IL,2024-03-22,29.571994,-93.640237
Aaron Scott,Kramer-Schmidt,20425,Foam,Mannfort,DE,2024-06-09,25.86787,-70.845043
Sharon Rodriguez,Rice LLC,45892,Foam,Collinsfort,AZ,2023-04-18,31.585968,-105.040721
Kelly Wilson,"Oconnor, Graham and Carter",25561,Metal,Woodsfurt,WV,2024-01-25,31.174344,-73.210818
Tami Chen,"Leonard, Mitchell and Brown",24865,TPO,East Sherri,MP,2024-11-06,28.764081,-110.069079
Lisa Trujillo,"Espinoza, Fields and Green",21020,Foam,West Daniel,GU,2024-05-19,41.535966,-89.186916
Austin Valencia,Cooper Group,19917,Foam,New Patricia,IA,2024-02-07,37.058157,-75.645354
Regina Gordon,Jackson Ltd,37076,Metal,Michelleville,AK,2023-08-29,32.449211,-76.545029
Mr. David Clark PhD,Lawrence-Griffin,35851,TPO,Boothberg,MA,2024-04-25,38.454172,-68.458144
Cody Bowen,"Morrow, Leach and Ramirez",3878,Asphalt,South Donnaberg,AS,2024-09-16,35.882844,-95.859935
Samantha Jacobs,"Cordova, Phillips and Williams",25561,TPO,West Jonathanbury,PW,2023-08-22,43.866666,-92.13765
Paul Chase,"Montgomery, Barnes and Livingston",43529,TPO,Danielberg,SC,2023-12-04,31.141008,-109.514239
Matthew Ruiz,Potter-Camacho,33094,TPO,West Patricia,AR,2023-08-03,32.591931,-111.152604
Allison Odom,Harris-Wilkins,21266,Asphalt,Brianview,GU,2024-06-07,46.980728,-83.885838
Tyler Maxwell,Peters PLC,17042,Asphalt,Kristyton,DE,2023-07-29,47.790381,-68.143808
Johnathan Hubbard,Baker Ltd,41328,TPO,Johnstad,MN,2024-04-26,35.880592,-115.269741
Stephen Thompson,Oconnor and Sons,45397,Metal,West Arielport,CA,2024-05-20,27.664936,-98.845766
Greg Martin,"Jones, Morris and White",32024,Asphalt,Wilsonview,GU,2024-08-09,37.416891,-89.094754
Carl Hernandez,Miller Inc,19828,Asphalt,Leville,MO,2023-08-22,35.789445,-69.34093
Robert Davis,Cobb LLC,41129,Metal,Lake Kimberlyside,NV,2024-02-03,25.598758,-96.81061
Theresa Spencer,"Gomez, Lloyd and Cook",49868,Metal,Lake Nicholastown,WI,2023-04-26,42.882941,-99.451883
Debra Duncan,Beasley-Simmons,2529,Asphalt,South Robert,VI,2025-03-27,33.093047,-88.636227
Justin Nelson,"Walker, Blackburn and Taylor",17518,Foam,Christopherhaven,VT,2023-10-29,40.77661,-71.144857
Wanda Wheeler,"Moore, Carter and Miles",8617,Asphalt,South Angelchester,OK,2025-04-03,43.107371,-92.135098
Alan Henry,Rogers-Carter,29206,Asphalt,East Kim,LA,2025-01-05,26.744867,-104.840018
Jessica Carter,"Richards, Brooks and Green",34777,Metal,Amandaside,VA,2024-01-14,29.567918,-82.246432
Jennifer Burke,Phillips-Mckay,41490,Foam,North Jason,LA,2024-12-12,48.055074,-102.324697
Erin Myers,"Rodriguez, Lam and Mcgee",1728,Foam,Lake Michellehaven,WI,2023-12-30,37.013797,-80.266993
Corey Phillips,Jenkins-Spears,40197,Metal,New Elizabeth,WV,2023-10-26,48.004473,-90.588575
Denise Jackson,"Lynch, Anderson and Michael",49012,Asphalt,Alecchester,MA,2024-06-02,40.009969,-123.927859
Christopher Turner,Huerta Inc,5948,Asphalt,Christopherville,OH,2023-05-14,29.828795,-109.929026
Tonya Thomas,"Morrison, Medina and Eaton",45775,Foam,North Karen,DC,2024-03-06,25.238684,-120.584964
Lisa Rice,Weaver-King,35592,TPO,New Bonnie,VA,2023-12-17,48.931316,-93.927641
Jeremy Johnson,"Gilmore, Kelley and Ibarra",45160,Foam,North Russellfort,MH,2025-03-04,33.218947,-77.643609
Katrina Love,Price Group,4028,Foam,Phillipmouth,NC,2023-09-14,42.585626,-70.787947
Amy Thompson,Small-Martin,8836,Asphalt,North Christineshire,AZ,2023-07-10,39.977461,-85.522017
Michelle Anderson,Bass Group,17527,Metal,Lake John,VI,2023-10-29,41.071974,-84.176525
Dan Gonzalez,Carpenter-Villa,7685,TPO,Jamesmouth,PA,2024-04-24,38.951742,-71.35708
Samantha Marquez,"Fernandez, Diaz and Keller",6701,TPO,South Justin,FL,2023-09-24,34.397072,-118.400772
Regina Farmer,"Fox, Garner and Lopez",17570,Foam,Justinhaven,GA,2024-02-26,32.701311,-122.87297
Danny Mcdonald,Cunningham LLC,38423,TPO,Williamport,NC,2023-10-23,32.290268,-68.226833
Taylor Russell,"Brown, Aguilar and Sanchez",36176,Foam,Lake Matthewside,OH,2024-08-01,33.170273,-67.586086
Christopher Dixon,Tate-Warren,32030,Foam,Sherimouth,ID,2023-11-10,35.751912,-84.536494
Joshua Thompson,"Hamilton, Williamson and Arnold",19297,TPO,Mayville,IN,2024-01-22,40.093436,-110.76229
Priscilla Rush,Hill-Pearson,41626,Metal,Deannaburgh,DE,2024-08-06,42.510438,-106.946477
Kristin Jordan,Griffith LLC,45144,Asphalt,North Shannonberg,WY,2023-11-28,26.048516,-71.892834
Katherine Palmer,"Russell, Barr and Simmons",23611,Metal,Lake Jamesburgh,MN,2024-08-09,43.645253,-82.589738
Clayton Parker,"Sanders, Miller and Lawrence",9110,Asphalt,Port Shaunstad,HI,2025-04-04,41.913686,-68.913612
Tammy Davis,Morris-Chambers,11337,Asphalt,Port Veronica,DE,2023-11-18,47.585835,-71.316379
Karen Williams,Hull and Sons,7131,Metal,Nelsonshire,UT,2025-03-31,32.335163,-120.356954
Heather Aguilar,"Fields, Strong and Phillips",34072,TPO,Lake Nathanielton,NV,2025-03-10,44.203405,-78.182653
Heather Davis,Reed Ltd,40329,Foam,Port Joshua,KS,2024-01-21,36.365911,-108.013437
Deborah Roberts,Obrien-Matthews,46667,Metal,Villegasville,NM,2024-02-29,27.026683,-97.160428
John Ramirez,Miller Group,17537,Foam,New Rebecca,MA,2024-02-08,35.240369,-74.808328
Nicholas Hood,"Flowers, Hatfield and Olson",2822,TPO,South Christina,IL,2024-04-11,28.80494,-101.642777
Kimberly Davis,Avery-Mason,4365,TPO,Port Jenna,NH,2023-09-22,28.995757,-122.167852
Dawn House,"Williams, Jenkins and Leblanc",16705,Asphalt,Lake Wendy,CT,2024-07-24,29.325839,-116.134575
Kenneth Knight,"Castillo, Dunn and Walsh",10786,Asphalt,Jenniferhaven,WY,2023-11-05,46.796095,-71.152815
Andrew Davis,Franco-Evans,45969,Asphalt,New Victoria,MS,2025-02-28,39.843813,-86.15057
Angelica Carter,"Leach, Holder and Solis",17394,TPO,Stephanieland,WV,2024-04-17,47.547129,-88.58982
Brian Hurst,Burns-Owens,39894,TPO,Lake Laurachester,AL,2024-05-10,39.287789,-88.750682
Andrew Burton,"Martin, White and Porter",32411,TPO,Ralphtown,VT,2023-11-07,44.127128,-107.211026
Scott Curtis,"Jones, Burgess and Wood",1343,TPO,Meltonshire,IN,2024-10-11,46.653623,-93.881348
Victor Craig,Pope Ltd,38309,Asphalt,East Alexander,UT,2024-06-06,27.379068,-72.011781
Julie Stokes,Montoya and Sons,23176,Foam,South Joel,MP,2025-03-01,48.957132,-75.954332
Eric Williams,"Griffith, Ruiz and Parker",15327,Foam,East Wayne,VA,2023-10-15,25.274523,-77.153706
John Kelly,"Black, Massey and Tapia",15641,Foam,Barbarafurt,ND,2024-11-06,48.267024,-119.015953
Kelsey Richardson PhD,Brown-Martin,29168,TPO,Millerport,KS,2023-09-22,47.197394,-69.945428
Amy Anderson,"White, Hernandez and Allen",3710,Asphalt,West Alicia,ME,2024-11-17,26.580509,-104.205376
Lisa Oliver,"Powers, Love and Jenkins",33241,Asphalt,Lake Meghanburgh,MA,2025-01-06,28.94692,-70.640685
Randy Hansen,"Brock, Obrien and Moore",11229,Metal,Lake Christopherchester,CO,2024-12-21,40.038421,-112.265717
Elizabeth Crosby,Smith and Sons,7023,Asphalt,Grahamberg,FM,2023-07-09,46.677932,-109.339415
Carolyn Gomez,"Carter, Young and Evans",25891,Metal,Port Stevenstad,CA,2023-07-07,43.88276,-75.311735
Dawn Smith,Park-Mills,25377,Asphalt,South Billyport,IN,2023-09-08,30.749818,-80.513894
Troy Vargas,"Parker, Nichols and Mercer",3775,Metal,South Lindseymouth,NE,2023-05-23,43.746269,-110.85756
Catherine Newton,Moore-Keller,8134,Foam,Michaelton,ID,2024-08-22,47.903471,-120.247059
Ryan Bautista,Myers-Walter,49856,Asphalt,Lake Jasonstad,NE,2024-09-16,38.442392,-76.56527
Megan Stafford,Schultz-Mcgee,24250,Foam,Lake Susan,AS,2025-02-03,38.97805,-106.051161
Timothy Jones,Swanson-Vazquez,7679,TPO,Gilbertton,GA,2024-08-05,28.596858,-78.577179
Todd Eaton,"Kelly, Kelley and Morrison",7751,Asphalt,New Jessica,AK,2023-10-30,26.758947,-79.899911
Michelle Howard,Edwards-Gallagher,3619,Foam,North Sarah,WY,2024-10-10,32.522538,-88.586073
Jaime Coffey,Vasquez Inc,44486,TPO,South John,RI,2023-12-31,46.281186,-105.426187
Erin Williams,"Stanton, Miller and Olson",18018,Foam,Josephstad,VI,2024-01-14,44.287529,-75.219475
Nicole Callahan,Becker Inc,47537,Metal,Wayneside,NY,2023-11-14,27.775926,-78.139048
John Fuentes,"Sparks, House and Glenn",45086,Metal,West Kayla,VI,2025-01-16,39.600463,-122.369368
Emma Coleman,"Miller, Vazquez and Kelley",34234,Metal,Kingchester,MA,2024-04-27,42.83869,-110.629963
Nicholas Barnett,Miller-Davidson,7756,Asphalt,West Bobby,RI,2024-03-25,36.858297,-114.578511
Bruce Schwartz,"Brooks, Jordan and Franklin",40832,Foam,Robertburgh,NJ,2023-05-11,46.163797,-104.695073
Shannon Barton,"Jordan, Wright and Taylor",33522,Foam,North Rachel,KY,2024-11-14,43.193821,-114.148012
Jaime Thomas,Harvey PLC,8800,Asphalt,Lake Michaeltown,MN,2024-09-29,26.792557,-115.32685
John Bradshaw,Owens-Dickerson,7038,Asphalt,New Isaac,PR,2023-10-29,37.903986,-105.214807
Emily Mahoney,"Jones, Jones and Thompson",46525,Foam,Lake Mariahside,MP,2024-02-19,33.835433,-83.69989
Sarah Mcbride,Coleman LLC,13166,Asphalt,Harrisport,IN,2024-06-19,42.767531,-112.426908
Jimmy Taylor,"Wilson, Barber and Alvarez",8575,Asphalt,North Colleen,TN,2024-05-25,41.542938,-68.90431
Jermaine Forbes,Payne Ltd,37683,Foam,Jorgeborough,SD,2024-07-19,46.924721,-111.563054
Taylor Reyes,"Walters, Bailey and Burgess",29021,Foam,Allisonside,MD,2023-05-09,26.221972,-90.104083
Carlos Foster,"Kennedy, Perez and Ross",22062,TPO,Stricklandfort,TN,2024-02-04,48.379542,-95.562674
Heather Fernandez,Davila Ltd,49221,Metal,Cameronburgh,DC,2023-11-10,44.49246,-72.841233
Jennifer Kelley,Scott-Harris,36830,Foam,Willisburgh,AL,2024-02-11,34.281522,-108.126102
Christopher Reed,"Anderson, Watson and Dennis",40200,Foam,West Samantha,IN,2024-06-18,35.844988,-115.167952
Antonio Thornton,Johnson and Sons,3774,Foam,Marialand,MP,2023-07-10,29.791919,-90.421578
Amanda Peterson,"Mcdaniel, Hicks and Campbell",13960,Foam,East Brandyfurt,CO,2024-06-30,45.999661,-70.283387
Justin Mitchell,Cook-Graham,47670,Asphalt,South Benjaminfurt,PR,2024-09-27,48.356256,-121.637237
Kristen Farrell,Acosta Ltd,38129,Metal,South Timothy,IN,2024-04-02,33.755827,-120.001218
Laura Herrera,"Wright, Torres and Bolton",44875,TPO,Michaelstad,OR,2024-12-04,30.642066,-102.879614
Charles Stone,Barnes PLC,1655,Asphalt,Elliottmouth,MN,2024-08-13,34.932712,-112.727576
Joshua Haynes,Dennis-George,2758,Metal,Saramouth,NJ,2025-03-08,31.907704,-76.585742
Daniel Lopez,Richardson LLC,43611,Metal,Michaelville,PA,2025-02-09,36.603187,-86.815212
Katelyn Blanchard,Perry Ltd,47121,TPO,Port Dawn,NJ,2023-07-16,27.394997,-77.451645
Sierra Howard,Gomez-Hernandez,28512,TPO,Marialand,PR,2023-11-20,32.306721,-72.993907
Anita Brown,"Griffin, Blake and Patterson",16856,TPO,Kellyfurt,IN,2024-07-30,26.707005,-84.810426
Darren Miller,Kelly Group,7495,TPO,West Richardside,MH,2023-08-22,33.817643,-95.32006
Richard Elliott,"Reid, Robinson and Larson",5748,Asphalt,South Heidi,MS,2023-07-09,37.587154,-79.872485
Ryan Wallace,"Gonzalez, Jones and Bell",4667,Metal,East Victoriaburgh,WV,2024-03-27,42.224017,-78.375834
Marcus Sanchez,Fleming Ltd,1480,TPO,Coxborough,UT,2023-09-16,37.175297,-107.81107
Jennifer Ramirez,"Garcia, Alexander and Wagner",28678,Asphalt,Christopherport,UT,2024-07-26,30.447434,-111.614052
Kelsey Cook,"Aguirre, Glover and Adkins",7624,TPO,Swansonshire,PR,2024-01-18,31.510427,-116.531199
Audrey Mendoza,Mora Ltd,1797,Asphalt,Brucefurt,UT,2024-12-22,32.598866,-114.52685
Deborah Austin,"Patterson, Smith and Stone",49533,TPO,Jasmineborough,IN,2023-08-16,41.824401,-118.992616
Diane Anderson,Smith Ltd,25094,Asphalt,East Frankmouth,OK,2024-07-28,29.453393,-79.843171
Maria Rice MD,Diaz-Vargas,36778,Foam,East Veronica,VT,2023-09-15,39.155241,-90.946677
Thomas Mcgee,Benton Ltd,25077,Foam,New Antoniohaven,WY,2024-12-28,46.58855,-103.238785
Ashley Davis,Zimmerman LLC,9341,Foam,Port Baileyland,MH,2024-06-14,38.502478,-120.746117
Becky Pratt,"Miller, Massey and Lawrence",38477,Foam,Murphyhaven,WY,2023-10-14,39.075828,-108.857975
Jeffery Davis,Lewis-Bennett,25625,Metal,Sherriburgh,UT,2024-08-23,39.452399,-107.240929
Kevin Rose,Bishop-Martinez,25846,Metal,Brendanland,AK,2024-10-27,30.337761,-72.496057
Shannon Martin,"Neal, Rodriguez and Mueller",43905,Foam,East Julieville,KS,2023-11-01,36.52437,-117.406051
Douglas Blake,Sanchez-Mercado,7637,Foam,Craigshire,KS,2025-02-20,33.384999,-121.240672
Rodney Garrison,"Wright, Mcgee and Anderson",10994,Asphalt,Cherylshire,MN,2023-12-31,27.732645,-112.344659
Patricia Pineda,"Rocha, Burke and Hernandez",17944,Foam,Rodriguezport,CA,2024-05-22,37.687232,-97.432386
Steven Washington,Stewart-Anderson,49827,Foam,New Vincentstad,FM,2024-04-17,33.065429,-122.128739
Mary Washington,"Smith, Roberts and White",19287,Asphalt,West Harold,NC,2023-09-28,41.016918,-101.309204
Maxwell Moore,"Jimenez, Harris and Brown",21854,Foam,Port Christinaborough,AS,2025-03-18,34.36066,-95.551932
Thomas Lopez,Mcguire Ltd,33743,Foam,Michelleland,NM,2024-06-26,43.486115,-83.984025
Samuel Franklin,Mcdonald-Burgess,15390,Foam,Houseton,WY,2024-01-22,36.043452,-79.079985
Eric Cruz,"Klein, Miller and Hernandez",41817,Metal,Marissaport,NE,2024-08-06,31.853813,-79.265441
Jared Hinton,Ortiz-Anderson,8327,Foam,Alexandraville,GU,2025-04-11,46.562827,-122.846466
Barbara Hernandez,Reynolds Ltd,31703,TPO,Megantown,CO,2024-09-17,27.305393,-85.236357
Robert Hatfield,Ayala-Johnson,15006,TPO,Lake Michele,AK,2024-04-16,27.600914,-70.757549
Sarah Young,Hill and Sons,18415,TPO,Rhondatown,AS,2024-04-25,33.920611,-72.171254
Mark Guerra,Kim Ltd,43168,Metal,Brandonstad,RI,2024-07-10,45.919186,-75.184487
Marcus Foster,Lara-Bennett,14696,Foam,Lake Larryshire,NM,2025-03-11,33.462389,-114.998205
James Wright,"Watson, Payne and Smith",47721,Asphalt,Snyderchester,SC,2025-03-30,45.60235,-113.492489
Megan Rivera,Patterson Inc,14446,TPO,South Christineland,IL,2023-05-19,32.859273,-100.960791
Valerie Huang,Weaver Inc,19901,Asphalt,Jimmymouth,MH,2025-03-05,26.739419,-100.504564
Kristina Warren,Miller-Jenkins,13264,Metal,Lake Daniel,ND,2024-07-08,34.138324,-102.42168
Tiffany Johnson,Vasquez Inc,41630,Asphalt,West Christopherport,WA,2023-06-30,34.723503,-94.825688
Antonio Carter,Gilbert LLC,13156,Metal,New Angel,DC,2024-11-16,43.108052,-97.464883
Matthew Saunders,Warner-Smith,47571,Foam,Tonyville,MN,2023-12-16,44.589333,-94.620277
Erika Burnett,"Mccormick, Sullivan and Martin",1695,Foam,North Sarafurt,SC,2024-07-11,42.393069,-97.504437
Sandra Powell,Fuentes Inc,5225,Metal,West Jean,WI,2025-02-13,47.014417,-96.000706
Lauren Smith,Martin-Knapp,34600,Asphalt,Graybury,GA,2023-08-01,26.691982,-72.871477
Jeffrey Lawson,Perez and Sons,40499,Foam,Juanmouth,WY,2024-10-29,42.521123,-90.305035
Courtney Reynolds,Reid Group,32271,Foam,Fitzpatrickfurt,SD,2023-10-26,30.148972,-78.003303
Crystal Johnston,"Lester, Blevins and Taylor",8845,Foam,Underwoodfurt,NM,2023-11-15,44.26344,-107.478997
Kari Phillips,Moody-Tanner,19732,Asphalt,South Julie,DC,2023-11-18,39.493659,-85.001123
Cindy Dominguez,Miller Inc,37742,TPO,South Cindyton,WA,2023-05-12,45.989158,-86.919307
Vanessa Perez,"Liu, Gardner and Washington",28694,TPO,Royfort,AZ,2024-05-22,46.98937,-108.29632
Gabrielle Davis,Hernandez PLC,47474,Asphalt,South Joseph,MN,2025-02-19,40.057246,-96.824422
Anthony Blevins,"Lewis, Davila and Zimmerman",49256,Foam,Georgehaven,NM,2024-12-30,33.667633,-114.643707
Rebecca Black,Greene-Klein,23474,Asphalt,Kimborough,PR,2025-03-28,34.394185,-99.436234
Jill Hunter,"Smith, Nicholson and Potter",29930,Foam,Lisaburgh,KS,2023-06-21,36.496874,-87.993994
Ronnie Larson,"Anthony, Zamora and Knight",42688,Foam,Port Laura,CO,2024-01-11,44.118061,-79.723744
Linda Williams,Hughes PLC,30545,Asphalt,Joseberg,TX,2023-04-25,45.505311,-95.431521
Dawn Wolfe,Sloan Inc,43434,Foam,Deniseview,ID,2023-06-30,27.093366,-73.888702
Curtis Adams,"Harrell, Melton and Ryan",28486,Asphalt,Port Sarahmouth,HI,2023-07-31,36.103053,-71.790133
Jasmine Harris,"Lam, Stewart and Diaz",43132,Asphalt,Christineville,GU,2023-07-04,44.669408,-121.195644
Christian Kelley,Walters-Phillips,2368,Metal,North Jesse,VI,2023-08-19,29.33722,-89.371453
Anthony Morgan,Finley PLC,37057,Asphalt,West Andrewfurt,AK,2024-06-28,39.657759,-83.079696
Gary Davis,"Garcia, Henderson and Henry",19704,Foam,Jacquelineberg,SC,2024-02-09,48.518521,-87.476023
Victoria Medina,Hansen-Phillips,45790,Foam,Potterchester,OR,2024-04-02,28.706787,-72.249745
Michael Moore,"Logan, Moran and Banks",16326,Metal,Lake Cameron,CO,2024-03-06,41.391532,-104.952892
Timothy Gordon,Jenkins PLC,13168,Foam,Lisaview,HI,2024-12-09,35.248315,-95.731101
Terry Huang,"Rosales, Cantu and King",8850,Asphalt,East Laurie,NH,2024-02-04,33.222643,-117.262159
Stephanie Mclaughlin,Bailey Inc,11870,TPO,East Cynthia,AS,2024-10-02,41.339146,-102.821607
Anna Blanchard,Martin Inc,45984,Foam,Pachecoview,MO,2024-10-31,41.176022,-111.539501
Valerie Faulkner,Andrade and Sons,49719,Asphalt,Jacksonmouth,SD,2024-11-21,25.442436,-110.385526
Mrs. Jennifer Rojas,Brooks-Allen,32806,Asphalt,West Paul,WY,2023-05-08,27.691199,-98.384679
Calvin Schwartz,Garcia-Gordon,10870,TPO,Port Danaborough,AS,2025-04-12,33.294384,-115.237574
Terri Barton,"Rubio, Leblanc and Elliott",12806,TPO,South Pamela,FM,2024-06-12,30.635578,-109.862245
