Contractor,Company,RoofSize,RoofType,City,State,Date
Dana Solis,Gutierrez Ltd,19999,Foam,Lynnfurt,LA,2023-10-16
Jennifer Smith,Collins-Hunter,32383,Metal,East Brianburgh,MN,2023-07-08
Richard Stephens,Cook-Vance,21991,Metal,Paulatown,NH,2024-09-30
Julie Newman,Suarez-Davis,28318,TPO,Juanton,MH,2024-03-26
Shawn Moreno,Crane Group,44964,Asphalt,Rasmussenfurt,VA,2025-01-25
Austin Mcguire,Cross-Clay,43132,Asphalt,North Annaburgh,VI,2025-03-20
Miss Lisa Hudson DVM,Moon-Stevenson,48408,Asphalt,Perezside,PA,2023-11-04
Tammy Marshall,"Hickman, Smith and Paul",14169,Foam,Lake Jamesport,CA,2023-08-01
Cody Johnson,"Anderson, Wood and Gilbert",15801,TPO,Joshuaberg,CA,2024-10-12
Daniel Gutierrez MD,"Mora, Johnston and Brown",37640,Asphalt,Gravesland,AZ,2024-01-09
Daniel Bennett,Jackson-Blake,38517,Foam,Thomasville,TX,2024-01-26
Julie Cruz,Villarreal-Gonzalez,2952,Metal,East Brandonfort,DE,2024-03-07
Michael Mayer,"Estrada, Martin and Suarez",10164,Metal,Kennethmouth,GA,2023-05-01
Melissa Crawford,"Johnson, Moore and Martin",19056,Metal,New Drew,MA,2023-12-14
Roy Gomez,"Brown, Hall and Kelly",40581,Asphalt,Dillonborough,NC,2025-01-11
Emily Green,"Fisher, Hutchinson and Curry",29572,Metal,Richardsonstad,WA,2024-09-16
Troy Robertson,Shaw-Edwards,42762,TPO,East David,PA,2023-06-13
Donna Taylor,Jenkins LLC,15202,Asphalt,Christinaview,NV,2024-10-28
Lori Randolph,"Walker, Campbell and Smith",48763,TPO,West Jacob,AS,2024-03-10
Terri Sanchez,Singleton Ltd,1972,Foam,Autumnberg,VI,2024-05-29
Sharon Gray,"Meza, Ellison and Gonzales",2145,TPO,North Adrian,AL,2024-12-23
Michele Perry,"Duffy, Black and Gonzalez",36964,Metal,Gilberttown,AR,2024-08-29
Michelle Brewer,Garcia-Townsend,6392,TPO,Lake Jennifer,NJ,2023-11-02
Alicia Wallace,Conner Ltd,48069,TPO,East James,ID,2023-05-27
Vanessa Rodriguez,Anderson and Sons,12241,TPO,Port Louismouth,AZ,2025-02-27
Nathaniel Singh,Mitchell-Cruz,28761,Foam,North Christopher,AL,2025-03-22
Troy Lloyd,Hernandez-Brown,38101,Asphalt,Port Kristen,WV,2024-05-29
Alyssa Martin,"Everett, Foley and Clark",33496,Asphalt,Fletcherfurt,RI,2024-07-30
Adam Nguyen,Ellis Inc,13544,Metal,Allenshire,VI,2023-10-18
Garrett Martinez,"Paul, Gonzalez and Jackson",39105,Foam,Samanthaview,MI,2024-05-01
John Sharp,"Baker, Green and Conley",28407,Foam,Mcintyreberg,AZ,2024-10-25
Mr. Mark Morris,Silva-Kim,12262,Foam,Lake Marvin,MH,2024-01-15
Steven Collier,Baker-Silva,29836,TPO,Hallville,VI,2024-02-29
Laura Kim,Johns-Turner,2318,TPO,Lewiston,CO,2025-04-09
Jennifer Romero,Moore-Mendez,35617,TPO,South Jacquelinehaven,PW,2025-03-15
Matthew Obrien,Harris-Bradshaw,29914,Metal,Thomasside,AS,2025-01-18
Joseph Parker,"Ortiz, Mack and Castillo",1324,Asphalt,West Phyllis,OR,2025-02-12
Anthony Cooper,Garner-Phelps,25828,TPO,Pamelaton,VT,2025-02-18
Mark Holmes,Jimenez and Sons,26254,Foam,Maryhaven,MD,2023-06-27
Jordan Nguyen,"Perez, Daniels and Brown",32105,Asphalt,South Elizabethtown,DE,2023-08-15
Kevin Garner,Alvarez Inc,7831,Foam,Port Conniemouth,MN,2024-01-30
Derek Miller,"Mendoza, Sanders and Wilkins",39786,Asphalt,Donaldland,SC,2023-07-05
Timothy Miles,Ortega LLC,37721,Asphalt,North James,MH,2024-10-12
Christopher Herring,King-Hernandez,16744,Metal,Hooverfort,PA,2024-07-28
William Barrett,Johnson-Hayes,44963,Foam,Port Jonathan,GA,2025-03-23
Edward Ibarra,Walker LLC,21801,Metal,Timothyport,IA,2024-03-24
Nicole Taylor,Moore Inc,29716,TPO,Samanthaport,OK,2024-10-22
Tracie Moore,Young-Pham,14380,TPO,East Charlenefurt,PW,2024-01-17
Jennifer Taylor,"Ellis, Joyce and Fuller",42404,Metal,West Amytown,ID,2023-06-08
Andrew Contreras,"Murphy, Morgan and Moses",47063,Metal,Anthonyberg,DE,2024-09-03
Jennifer Bennett,"Estrada, Hernandez and Davis",37567,TPO,Lake Tracychester,DE,2024-04-29
Kimberly Miller,"Lara, Moody and Hall",10015,Foam,West Lori,FM,2024-02-10
Sarah Harvey,"Hernandez, Banks and Stone",33879,Foam,New Darleneville,SC,2025-02-12
Zachary Williams,Rogers Inc,49961,Asphalt,Dennisview,VA,2023-06-28
Kathleen Good,"Brennan, Fields and Rich",37418,Foam,West Paul,RI,2023-08-04
Joseph Lee,Bowen-Castillo,23176,Metal,North Thomas,CO,2024-02-15
Mary Allen,"Allen, Collins and Kelly",12731,TPO,Knightland,MN,2023-05-09
Douglas Green,"Sloan, Garcia and Zamora",18771,Metal,Zacharyton,ID,2023-09-25
Charles Thomas,Sanchez Inc,5111,Asphalt,Andersontown,ME,2025-03-16
Micheal Harris,Brown PLC,18954,Foam,West Marktown,ID,2024-05-28
Kelly Ramirez,"Green, Bernard and Fuller",24624,Asphalt,Jessebury,TN,2025-03-21
John Fisher,Mann Ltd,42122,Foam,Dennisland,TN,2023-12-03
Eric Lopez,Burns LLC,44526,Foam,East Robertville,WY,2024-12-21
Marcus Kramer,Simmons Ltd,40288,Metal,Taraview,IL,2024-08-01
Janet Mack,Wiley and Sons,37333,Foam,Johnsonport,AZ,2024-03-03
Joshua Morgan,Vang LLC,13337,TPO,West Bobbyborough,NJ,2023-09-18
Daniel Dennis,Pope Ltd,9902,TPO,Port Daniel,OH,2025-01-15
John Holmes,Wright-Hernandez,46514,Metal,North Sarah,AR,2023-04-21
Christopher Richardson,Moore LLC,1410,TPO,West Holly,AL,2024-02-07
Juan Robinson,Snyder Group,38944,TPO,Port Marie,IN,2024-10-04
Maria Rogers,Wells-Sheppard,27457,Asphalt,Julieside,OR,2023-10-08
Mark Allen,Weaver-Randall,13431,Metal,East Mauricebury,LA,2024-06-05
Luke Mitchell,York PLC,13503,TPO,Lake Keith,GA,2024-07-08
Richard Carpenter,"Andrews, Fox and Yang",9870,Metal,East Robertland,OH,2024-09-13
Melissa Hill,"Mayo, Torres and Mcmahon",22953,Metal,West Fred,MS,2023-05-19
Eric Ryan,"Fuller, Ramos and Cook",11646,Foam,Kiddbury,WV,2023-06-07
Frank Price,Lara-Jones,9247,Asphalt,Clayville,SC,2025-02-11
Peter Dunn,Arellano-Chandler,21036,Metal,Calebside,WI,2024-12-28
Richard Perez,"David, Jones and Smith",14923,Asphalt,New Angelafurt,NE,2024-11-13
Kelli Bond,Peterson and Sons,43401,Asphalt,Frosttown,NC,2024-05-15
Jeremy Meyer,Gardner PLC,26744,Asphalt,Lake Thomas,GA,2024-11-22
Kiara Reid,Rollins-Coleman,49207,Metal,Saraborough,NH,2024-05-06
Carl Lawson PhD,Wells-Morales,47621,TPO,Port Joshua,OK,2023-05-06
Mark Taylor,"Smith, Smith and Terry",49254,TPO,Jessicabury,ME,2024-02-06
Charles Williams,Smith PLC,48014,Metal,Stephaniebury,FM,2023-04-19
Alan Solomon,Henry Inc,35078,Foam,New Kenneth,AK,2024-01-01
Timothy Sanchez,"Lopez, Maxwell and Barr",26827,Foam,West Shelby,MS,2025-03-19
Robert Mitchell,Caldwell-Padilla,48721,TPO,East Michaelhaven,PW,2023-07-31
Christopher Taylor,Jackson-Gonzalez,13351,Metal,South Gabrielstad,PW,2024-10-06
Dr. David Robinson,Clay-Bell,48806,Metal,Port Henrytown,AL,2024-05-19
Matthew Stuart,Armstrong-Wright,44270,Metal,Keystad,AK,2024-04-07
Susan Ward,Wilson Group,24259,Metal,South Kaylaville,NJ,2024-03-02
Juan Spencer,Butler Group,40784,Asphalt,Bradleyfurt,OR,2024-05-03
Patricia Le,Johnson PLC,28477,TPO,Nancybury,VA,2024-10-28
Scott Wilson,Wells LLC,39615,Foam,Leonardmouth,MT,2023-10-11
Gregory Foster,Hoffman Ltd,49781,Foam,Port Johnside,DC,2024-10-18
Jessica Salinas,Simmons LLC,10626,Foam,Daviston,AZ,2024-11-01
David Campos,Lawson-Cole,47484,Metal,Zacharymouth,CT,2025-02-10
Kristina Graham,"Jenkins, Moore and Townsend",38086,Foam,West Kevinport,MH,2024-08-03
Ms. Marie Mitchell,Michael and Sons,5818,TPO,North Erika,IL,2023-09-02
Anthony Walker,Ellis PLC,14314,Asphalt,West Devin,MH,2024-12-02
William Henson,Lozano-Hunter,22683,Asphalt,Yanghaven,NE,2023-07-06
William Wilson,"Miller, Cole and Sellers",32595,Asphalt,Ritaview,WY,2023-06-27
James Diaz,Browning Ltd,19080,Metal,Gregoryview,OK,2024-01-19
Anthony Murphy,"Torres, Key and Brown",48024,Asphalt,Mitchellville,NC,2024-12-07
Melissa Yoder,Ellison Group,5311,Foam,Jasonstad,MA,2025-01-06
Dawn Moore,Hall-Fleming,13145,TPO,North John,AS,2023-10-25
Robert Burke,Oliver Inc,29224,Asphalt,New Jamesberg,MD,2023-11-28
Rebecca Moore,Pratt-Cummings,17253,TPO,South Deantown,MA,2023-08-09
Renee Grimes,Walker-Edwards,29439,Metal,Smithview,AR,2024-04-25
Erin Mills,"Turner, Villarreal and Martin",30873,Foam,East Brittanyside,WA,2023-05-03
Melissa Williamson,Livingston PLC,32496,Metal,Millerstad,ID,2025-01-17
Shawn Collins,Ross-Scott,30682,Foam,Timothyhaven,IL,2024-11-23
Joseph Contreras,Jones-Jensen,30262,Metal,Larsenside,PW,2024-10-05
Laurie Bell,Evans-Burgess,46430,TPO,East Kimberly,WV,2024-05-04
Diane Baker,"Meyer, Ortiz and Hernandez",38756,Asphalt,North Lisahaven,AZ,2024-12-31
Thomas Mueller,Johnson and Sons,4775,Foam,Port Jennifer,ME,2023-07-22
Karen Hall,"Sullivan, Lopez and Torres",49625,Foam,South Kevinland,GU,2023-07-26
Ricardo Murillo,Vincent PLC,38489,Asphalt,Michaelchester,SC,2024-03-01
Sarah Baker,"Smith, Robertson and Andersen",45354,Asphalt,Philiphaven,CO,2024-03-25
Matthew Franklin,Leonard-Brooks,44163,Asphalt,Lake Emily,MP,2023-10-27
Lori Harris,Ross Group,29806,Foam,Rodriguezbury,MP,2024-04-21
Jamie Ochoa,"Blair, Kennedy and Walker",6949,Asphalt,Lisatown,IN,2023-08-31
Jeremy Beck,Ray-Burns,34039,Metal,Lake Cynthiashire,LA,2023-11-01
Nicole Rivera,"Christensen, Nelson and Mcclure",20588,Foam,West Shannon,ME,2023-09-06
Yvonne Matthews MD,Douglas-Jimenez,29352,Asphalt,Howellstad,UT,2024-12-30
Michael Preston,Green LLC,10205,Metal,South Kelly,WA,2023-06-14
Joseph Deleon,Brown LLC,46128,Foam,Dodsonborough,FL,2024-02-10
Teresa Howard,"Park, Ellison and Smith",1887,Foam,New Pennyburgh,NY,2024-12-22
Charles Frank,Mendez-Smith,18307,Metal,Billview,VA,2024-06-25
Kenneth Carpenter,Carson-Bean,9309,Asphalt,Port Joseph,NH,2023-05-15
Brian Gomez,"Cobb, Weeks and Rodriguez",5912,Foam,Teresaport,AR,2024-06-06
Hannah Reyes,Mayer-Cherry,5955,TPO,North Candiceport,TN,2024-02-02
Anna George,Jordan Ltd,46817,Metal,Millerstad,OH,2023-12-30
Alexander Ellison,Carlson-Hill,40722,Asphalt,South Jessica,TN,2023-07-19
Kara Goodman,"Maddox, Thompson and Sanchez",7617,Metal,East Alyssa,MD,2024-10-26
Heidi Mercado,Sawyer LLC,5511,Asphalt,South James,VT,2023-05-16
Kenneth Ramirez,Brooks-Brown,38165,Asphalt,Joelberg,AR,2025-03-21
James Wilkins,Martin LLC,16818,Asphalt,New Stephanieburgh,MN,2024-10-09
Jason Garcia,Harris-Santos,19966,Asphalt,Dawnville,MN,2025-04-13
Todd Anderson,Brown Inc,34452,Asphalt,Deanhaven,AR,2025-02-03
Jason Hernandez,"Wells, Nguyen and Nelson",38865,TPO,Jennaside,ND,2023-08-14
Melvin Adams,"Hooper, Wright and Graham",38313,Foam,New Rebecca,MP,2024-08-22
Jessica Moore,Galloway-Rodriguez,1922,Asphalt,East Stevenville,GU,2024-11-30
Samantha Hubbard,"Mays, Wallace and Smith",8886,Metal,Port Lindseybury,FL,2024-10-11
Matthew Wright,Lawrence-Franklin,2485,Foam,South Bradleyhaven,NJ,2024-03-24
Michael Hardy,Savage and Sons,6281,TPO,West Ernestport,MT,2025-01-21
Nichole Gonzalez,"Powell, Davis and Myers",26215,Asphalt,West Nathan,DC,2024-07-02
Julie Martin,"Coleman, Morgan and Dunn",12487,Foam,Medinamouth,CA,2024-04-09
John Mitchell,Delacruz Inc,10071,Foam,East Kevin,VA,2023-06-28
Christopher Webb,"Clark, Martinez and Sanchez",15774,Foam,Lorettaview,WA,2023-12-24
Omar Knox,"Carroll, Simpson and Howard",2708,TPO,Marthaview,ID,2023-07-09
Gary Ayala,Hernandez LLC,46565,Foam,South Justinborough,GA,2024-11-28
Kelly Walker,Bennett and Sons,10684,TPO,Edwardsmouth,OK,2024-11-12
Arthur Mooney,Mitchell-French,4558,TPO,Shelbyberg,FM,2024-09-09
Angela Rivera,"Martin, Owens and Clark",41644,TPO,East Lindaberg,AZ,2024-05-22
Bryan Wallace,"Reese, Wallace and Meyer",28664,Metal,Whiteheadbury,GA,2025-03-16
William Chandler,Wells and Sons,18419,TPO,East Maliktown,TN,2024-09-08
Roger Sanders,Graham-Casey,14435,TPO,East Peter,AZ,2025-01-10
Christopher Gray,Kelley-Lambert,46374,TPO,Collinstown,OK,2024-06-05
Ronald Clark,Mills Ltd,35418,Asphalt,West Tyler,ID,2025-01-02
Dana Kelly,Smith-Stevens,39321,Foam,West Amanda,GA,2025-02-10
Mary Turner,Green-Ramos,14596,Asphalt,New Rachelburgh,MO,2024-08-08
Sarah Smith,Bradford-Ellison,40472,Asphalt,New Andrea,NJ,2023-05-08
David Scott,"Jordan, Chan and Ward",15130,TPO,South Timothyfurt,VA,2023-06-25
James Williams,"Fowler, Smith and Thomas",48936,Foam,Allisonland,PR,2023-12-03
Robert Dyer,Anderson-Carter,24506,Foam,Rachelland,AZ,2024-05-07
Kenneth Palmer,Fernandez-Hendricks,46463,TPO,East Jaredmouth,IA,2023-06-09
Bobby Smith,"Barker, Rowland and Smith",4084,Asphalt,Fitzpatrickport,PA,2024-12-20
Anthony Rogers,"Jennings, Collier and Colon",3295,Asphalt,North Andreaborough,AL,2024-10-19
Stephanie Murillo,Young-Watson,26560,Asphalt,Mayburgh,CT,2025-02-23
Angela Williams,"Lamb, Johnston and Spencer",47144,Foam,Jessicachester,MO,2024-11-17
David Hodge,"Brown, Jones and Patterson",44227,Metal,South Christopherfurt,WA,2024-08-24
Donald Berry,Cunningham-Turner,1898,Metal,North Christopher,MT,2023-05-31
David Owens MD,Freeman-Brown,44062,Metal,Port Cherylfurt,MI,2024-11-07
Lisa Brown,Chavez Ltd,46372,Metal,New Dylan,WY,2025-01-07
Micheal Oconnor,Foster-Knight,25637,Metal,West Joshuaview,VT,2025-01-05
Ashley Wang,Ramirez LLC,22231,Metal,New Lisaside,NC,2025-01-06
Jason Alvarez,Francis PLC,23286,Asphalt,Abbottfort,ND,2023-05-30
Nicole Chen,Johnson-Barron,30909,Asphalt,West Desireeland,NH,2023-11-04
Derrick Miller,Torres-Green,46973,Foam,South Andrewchester,LA,2024-10-31
Patricia Morrison,Figueroa Ltd,33252,Foam,East Madison,MS,2023-11-25
Christopher Meyer,"Rodriguez, Powers and Watson",13243,Asphalt,South Kevin,PA,2024-10-07
Kristine Thomas,"Lambert, Franklin and Wyatt",42688,Foam,Craigchester,ID,2023-12-17
William Porter,Norton-Strong,22260,Metal,Gillstad,IL,2024-04-24
Christopher Villegas,Russell Ltd,23195,Foam,East Katherineport,MD,2024-10-22
Sergio Davis,Harris-Sanchez,36164,TPO,New Mary,WI,2024-01-07
Kenneth Pace,"Rice, Ortiz and Mcdonald",26661,Foam,Alexandraberg,WA,2025-01-23
Cody Pitts,Woods-Larson,35032,TPO,West Jasonchester,PA,2023-06-16
Daniel Miranda,Anderson-Williams,27187,Foam,Mathewmouth,GU,2024-10-12
Laurie Keller,Strickland-Colon,6226,Metal,Schultzchester,MD,2023-07-02
Ashley Morrison,Mcbride and Sons,31719,Metal,Penaview,MI,2023-10-14
Leslie Jackson,"Bradley, Reed and Rodgers",9208,Asphalt,Kimberlyville,FM,2023-07-30
Charles Morgan,Taylor PLC,4812,Asphalt,Elizabethview,MA,2024-12-15
Amanda Foster,"Carney, Warren and Kane",43877,Asphalt,New Crystalchester,WA,2024-12-30
Kevin Taylor,Hayes Ltd,13489,Asphalt,Lake Joseph,NY,2023-08-23
Norman Salazar,"Perez, Miller and Gentry",26226,TPO,Lake Traciberg,PR,2024-03-03
Matthew Perez,Boyd-Anderson,18021,Foam,Dianastad,NV,2024-12-05
Nicholas Martinez,Hardy Inc,15316,Metal,Stephanieborough,FL,2024-12-18
Michael Morgan,"Jordan, Martinez and Schroeder",41777,TPO,West Maryland,UT,2023-05-28
Tracy Shelton,Mccarthy-Kelly,30592,Foam,Mikebury,HI,2024-01-02
Mrs. Yvonne Dominguez DVM,Miller and Sons,35355,Foam,Albertburgh,LA,2024-11-03
Jennifer Blackburn,Stevens-Bryant,9502,Metal,Lake Nicolemouth,HI,2024-08-04
Larry Harmon,Davis LLC,8557,Metal,Rodriguezland,MP,2023-06-09
Frank Taylor,Brady Ltd,12916,Foam,New Katherinehaven,MN,2024-11-19
Lisa Long,Nelson-Harris,48357,Metal,Johnsonport,WA,2023-08-17
Stefanie Ferguson,Johnston Inc,38348,Metal,East Lisaside,RI,2025-04-14
Colleen Clark,Mcknight and Sons,18850,Asphalt,New Sabrinaborough,FL,2024-05-30
Matthew Harris,Peck-Burton,48823,Metal,Walkermouth,FM,2025-02-18
Brian Gates,Cunningham-Wood,11932,Asphalt,Gibsontown,NV,2024-06-05
Krystal Turner,Reyes-Buck,45153,Asphalt,Port Kristinchester,MI,2024-06-06
Jennifer Young,Clark-Rivera,15232,Metal,North Christine,AZ,2023-12-16
Denise Chambers,Mendez Inc,32469,TPO,North Katelynmouth,SC,2024-05-29
John Shaw,Watson-Blair,44586,Asphalt,South Nicholas,TX,2024-09-25
Carol Gray,"Valenzuela, Banks and Hughes",7701,Asphalt,Laurieland,PR,2024-10-14
Erica Buck,Roberts-Medina,20748,Metal,Port Brittanyport,CA,2023-07-23
Adriana Jackson,Simpson LLC,35318,Foam,East Courtney,PR,2025-02-25
Jennifer Johnson,Cain-Fowler,46872,Metal,West Tara,VI,2024-12-27
Timothy Joseph,"Ferguson, Bennett and Jackson",28528,Asphalt,West Alexandra,ND,2024-08-06
Jennifer Campos,"Holmes, Allen and Jones",35792,TPO,East Richard,DC,2024-01-15
Alicia Stafford,Patel-Moore,8697,Metal,Ericamouth,GA,2024-03-10
Sandra James,May PLC,40706,Metal,Wrightburgh,MS,2025-04-12
Miss Julie Thomas,Black and Sons,4321,TPO,Davidton,LA,2024-02-14
Adrian Charles,King LLC,13135,Metal,South Warren,UT,2024-07-08
Justin Simmons,"Gilbert, Clark and Allen",43803,Metal,Scotthaven,WA,2023-07-09
Susan Hendrix,Butler-Butler,25976,Asphalt,Lake Curtis,FM,2024-11-25
Amanda Wu,Johnson Inc,11362,Asphalt,East Susanton,GA,2023-07-15
Mary Lara,"Jones, Horton and Hall",49278,Metal,New Kelly,CT,2023-08-28
Jamie Gordon,Santana-Lee,9282,Metal,East Aaronview,IN,2024-08-20
Sara Evans,Berry LLC,29060,Metal,New Crystal,OK,2023-07-16
Eric Williams,Middleton-Stewart,41801,TPO,Elizabethchester,AR,2024-04-07
Shannon Robinson,Williams-Tucker,5438,Foam,South Jillbury,AK,2024-07-07
Kimberly Morgan,"Morgan, Caldwell and Brown",2878,Metal,East Ian,AZ,2023-12-27
Kenneth Miller,Raymond Inc,24783,Foam,Georgeside,MA,2023-08-27
Tamara Davis,Lewis-Bradshaw,4760,Asphalt,Jackville,SC,2023-05-03
Jessica Hughes,"Hoffman, Phillips and Stout",6294,Metal,Ewingberg,TX,2024-06-18
Roy Nichols,"Marshall, Randall and Stuart",27666,Foam,Davidberg,MH,2024-02-03
Shawn Murphy,"Townsend, Brown and Huynh",22951,Metal,North Donnashire,IN,2024-11-19
Melanie Campbell,Donaldson-Lynch,2816,Asphalt,East Nathan,IN,2024-11-19
Natasha Raymond,"Griffin, Johnson and Doyle",41333,TPO,Abigailtown,KS,2023-04-20
Jennifer Moore,"Reese, Hall and Aguilar",33752,TPO,Kemptown,CA,2023-07-15
Ronnie Watkins,Kelly Ltd,3510,Foam,Port Veronica,AS,2023-05-20
Rebecca Adams,Bowen LLC,48148,Metal,New Jillian,FL,2023-09-19
Brandon Miller,"Ray, Bush and Randolph",16001,TPO,Chaseton,FM,2023-07-21
Gary Ramirez,"Robertson, Lopez and Harris",9417,Asphalt,East Brian,SC,2025-02-08
Brandon Cunningham,Hodge-Yates,13413,Asphalt,Lake Sarah,KS,2024-06-23
Morgan Diaz,Jones-Santos,22686,Metal,Blackwellfort,WI,2024-06-16
Travis Stewart,"Walker, Ayala and Walker",47755,Asphalt,West Melissatown,MA,2024-05-24
Michele Kent,"Mitchell, Thomas and Porter",22594,Foam,Timothyville,NH,2024-06-06
Benjamin Williams,Hensley-Hudson,14729,Asphalt,New Amyport,FL,2024-03-07
Teresa Allen,"Olson, Lewis and Phillips",38805,TPO,East Maryborough,LA,2023-11-13
Nicole Cox,"Wilson, Yates and Kelley",33682,Foam,Port David,NC,2024-06-07
Barbara Adams,Smith PLC,14009,TPO,Hamiltonbury,MT,2025-01-02
Jennifer Harrison,Nunez-Burke,12910,Metal,Harrisville,NH,2023-12-26
Brian Prince,Burgess Ltd,12564,Asphalt,New Joshua,FL,2024-07-16
Nancy Mosley,Miller PLC,43970,Asphalt,Markmouth,ND,2024-06-02
Elizabeth Hammond,Wright Group,12643,TPO,Lindafurt,IA,2023-06-26
Stephanie Romero,Taylor-Rangel,40103,Foam,Christinemouth,ID,2023-04-21
Hayden Rush,"Baker, Snyder and Mccann",49954,Foam,Duranborough,NM,2023-09-30
Michael Ware,Mack-Hall,4257,Asphalt,Thompsonborough,CA,2023-11-01
Amber Wilson,Barnes-Wells,22261,Metal,New Lindabury,PA,2023-07-05
Matthew Ross,Wright-Gentry,12433,TPO,Ashleyville,ME,2024-11-25
Stephanie Cooley,"Powell, Martinez and Hays",33991,TPO,Rebeccaville,HI,2024-08-05
Joshua Ayers,Underwood and Sons,30769,TPO,Tammymouth,WI,2023-05-13
Kyle Hamilton,"Walsh, Norris and Harris",33038,Metal,Gutierrezland,AS,2024-12-03
Linda Webb,Hunt-Wheeler,31660,Foam,Millsborough,SC,2024-08-29
Jennifer Brown,Norman Ltd,36222,Asphalt,Annhaven,WA,2025-02-08
Peter Hernandez,Pittman-Hanson,30548,TPO,Amandamouth,ME,2024-08-29
Debbie Brooks,"Jones, Rogers and Rice",6471,Foam,Stephanieborough,AL,2024-02-05
Bruce Davis,Patel Inc,4482,TPO,Port Tristan,VI,2023-11-30
David Chambers,"Humphrey, Mcbride and Clements",35762,Asphalt,Jenniferport,IA,2024-06-20
Luis Garza,"Mcknight, Rodgers and Meyer",40715,Asphalt,Franklinview,RI,2023-08-04
Lawrence Gordon,"Smith, Smith and Haley",45704,Asphalt,West Kathrynbury,NY,2023-05-21
Mary Wade,Kim-Banks,12191,Foam,Amyfort,DC,2023-09-25
Max Silva,Lee-Ramsey,8799,Asphalt,Lake Christineland,RI,2024-05-30
Keith Alvarado,Davidson-Lopez,44632,TPO,Ianville,TX,2025-03-06
Stephanie Smith,Wilson Ltd,19672,Metal,Lake Markbury,MA,2024-06-14
Ricardo Barber,Wallace Group,42716,Asphalt,Harrisonshire,LA,2024-03-21
Andrew Smith,"Rivas, Reyes and Wilcox",40279,Metal,South Alvinview,ID,2024-08-05
Brian Patrick,Hernandez and Sons,32046,Asphalt,Meyerfurt,CA,2025-04-07
Jose Castro,West LLC,11335,Foam,Harmonfurt,LA,2024-05-06
Kathy Washington,Castro-Sanchez,6592,Asphalt,Port Tina,GU,2025-01-31
Lauren Cline,"Harper, Macdonald and Mcmahon",46565,Metal,Underwoodstad,ME,2024-03-21
Timothy Elliott,Baker Inc,29860,Metal,Ewingtown,DC,2023-09-19
Mr. Robert Butler,"Simmons, Garcia and Boyle",15486,Foam,East Caitlin,WV,2024-12-28
Nicole Rojas,Price Inc,40861,Foam,North Travisshire,OH,2024-02-14
Victor Pittman,Macias-Carlson,14343,Asphalt,Austinbury,CO,2025-02-01
Emma Holmes,Lawrence-Ward,41863,Metal,North Cliffordland,FM,2024-10-03
Gina Jackson,Hoover LLC,47075,Asphalt,Lake Wayne,CA,2023-12-13
Tamara Vincent,Schultz-Anderson,29993,Foam,Ralphfurt,NH,2023-11-10
Ronald Brock,"Carr, Francis and Estrada",26918,Metal,Andrewstad,WA,2023-04-17
Melinda Guerrero,Clark-Rodriguez,28984,Foam,New Charlesport,VI,2023-10-05
Ann Torres,Porter Inc,16527,Metal,Port Johnfort,PW,2023-04-23
Derek Adams,Martinez-Morgan,10706,Foam,Greenborough,CA,2025-03-23
Timothy Dickerson,Raymond PLC,22906,Metal,Lake Howard,MH,2023-05-30
Erica Collier,"Jones, Lee and Newman",8640,Foam,Ronaldton,MD,2024-08-29
Sarah Deleon,Sullivan-Lawrence,30486,Asphalt,North Meagan,TX,2024-10-19
David Burns,Brown Group,23205,Asphalt,Tylerport,AR,2024-04-12
Kelsey Kelly,Dominguez-Woodard,10487,Foam,Emilyside,MS,2024-05-24
Chelsea Murphy,"Johnson, Dean and Wall",48168,Metal,Tracyton,PR,2024-05-07
Susan Green,Harmon Ltd,48363,Foam,South Adam,NV,2024-08-22
Andrew Anderson,Arnold Ltd,34671,Foam,Rayville,SC,2024-08-30
Jesse Rose DVM,Walsh Group,24118,TPO,Leblancmouth,CT,2024-07-04
Craig Riley,"Gonzales, Cunningham and Harvey",2594,Asphalt,East Julian,NJ,2024-04-15
Karen Wells,Small and Sons,33802,TPO,Colefort,NV,2024-12-19
Mrs. Heidi Ramos,Saunders Group,11782,Foam,East Dennisstad,NM,2023-12-20
Thomas Rogers,Lee Group,36753,TPO,North Elizabeth,AR,2025-01-15
Cory Bennett,Martinez LLC,11843,Metal,Ramirezview,NC,2024-06-11
Jeanne Johnson,Smith Group,40562,TPO,East Sarah,AR,2024-07-29
Wanda Bush,Cabrera Ltd,8069,Foam,West Valerieside,OH,2024-04-10
Mark Hernandez,"Stanton, Gonzales and Miller",39556,Foam,South Michaelbury,IL,2024-03-21
Pamela Drake,Simpson and Sons,16644,Foam,Alifurt,IA,2025-03-01
Kathryn Gallagher,Graham-Palmer,49251,TPO,East Peterland,LA,2024-03-11
Mrs. Victoria Murphy MD,Cooper-Edwards,28281,TPO,East Heather,WV,2023-07-25
Eric Weber,Whitney LLC,40329,TPO,Gomezhaven,KY,2023-12-23
Taylor Garcia,"Obrien, Ali and Brown",28110,Asphalt,South Jonathan,CT,2024-11-19
Kevin Anderson,Vasquez and Sons,1303,Foam,West Douglasberg,UT,2024-05-01
Wendy Davis,"Davis, Martin and Ingram",16561,Asphalt,Lake Madison,RI,2025-03-10
Stephanie Brown,"Reyes, Lewis and Carpenter",44785,TPO,Wongton,OK,2025-04-11
John Barnett,Mays-Wilson,8625,Asphalt,Smithbury,CA,2024-01-31
Jamie Serrano,Horton-Robbins,40520,Asphalt,South Karenberg,NY,2023-07-18
Brandon Zamora,Reyes and Sons,35709,TPO,Mariashire,VT,2024-09-12
Amy Owens,Reynolds Group,42288,Metal,Madisonborough,ID,2025-01-09
Megan Lewis,"Ho, Li and Galloway",7124,Metal,Karenton,GU,2024-12-19
Alexis Chase,"Long, Mills and Snyder",16132,Asphalt,West Juan,CT,2025-03-21
Jessica Burton,Reynolds-Hamilton,21914,TPO,East Charles,DE,2024-08-20
Jennifer Richardson,"Wilson, Dudley and Russell",22522,Foam,Lake Richardmouth,MP,2023-11-18
Kristen Castillo,Taylor PLC,33960,Metal,Morganbury,AL,2024-03-09
David Wilson,"Gutierrez, Soto and Miller",5423,Metal,Fisherfurt,ID,2025-01-06
Keith Larson,"Roberts, Jacobs and Franco",30800,Metal,West Adamside,OR,2024-08-14
Debbie Fisher,"Mcdonald, Schultz and Crawford",17506,Asphalt,Robertview,NJ,2024-10-20
Laura Walsh,Allen-Chavez,46198,TPO,Blackville,WA,2025-01-27
Jenny Jones,"Graham, Brown and Lewis",9159,Metal,East Philip,AL,2024-12-08
Jesse Scott,Johnson Group,3141,Metal,Port Mary,FL,2023-07-24
Travis Mclean,Singh-Wyatt,23990,Asphalt,Oliviaview,MA,2024-04-02
Brian Gould,"Mcconnell, Sellers and Valdez",31682,Metal,Murphytown,ME,2024-01-08
Philip Chase,Reeves PLC,3925,Foam,Heatherfurt,IN,2025-01-19
Thomas Winters,"Moore, Davis and Smith",28149,Asphalt,Kathleenstad,SD,2024-11-05
Christopher Barnes,"May, Norris and Peck",28008,TPO,Port Cody,OK,2023-08-09
Michael Clark,Huynh-Kaufman,10690,Asphalt,Johnview,AZ,2025-01-23
Jessica Young,"Johnson, Williamson and Greene",3656,Asphalt,Port Jessica,MN,2023-08-12
Amanda Dunn,Sandoval-Diaz,27864,Metal,South Kevinview,GU,2023-06-09
Bruce Knight,Campbell PLC,2112,Metal,North Stacymouth,AR,2024-12-28
David Johnson,Berger-Page,36239,Asphalt,Gainesborough,NY,2024-12-10
Brian Christian,Pruitt-Ellis,35685,Metal,Matthewshire,TN,2024-04-05
Carl Smith,Franco LLC,3374,Foam,Jeffreyfurt,MP,2024-03-10
Shawn Gibbs,Velez-Morrow,33937,Foam,Kristinton,CA,2024-04-09
Kevin Alexander,Morris Inc,48203,Metal,Lake Gabrielleside,VI,2024-03-07
Kathy Smith,Tucker-Ruiz,15880,Metal,Loweside,GA,2024-01-20
Stephen Chase,"George, Williams and Rodriguez",25685,Asphalt,East Joshuafort,PR,2024-10-21
Tyler Ramirez,"Heath, Sweeney and Clay",41809,Asphalt,East Linda,KS,2025-02-19
William Orozco,Wilson Ltd,43213,Metal,Lake Deborah,KY,2024-06-05
Tammy Brown,Austin-Sellers,48083,Asphalt,Crystalbury,IA,2024-05-06
Jennifer Sanchez,Taylor PLC,16816,Foam,Rogersfurt,AR,2024-10-17
Garrett Bautista PhD,"Figueroa, Crawford and Morales",46350,Foam,Lake Kimberlyside,NH,2024-10-26
Bryan Salas,"Green, Craig and Weber",24689,Metal,South Josephville,VA,2024-12-30
Holly Smith,Taylor Group,47661,Foam,South Noah,TX,2024-11-07
Samantha Scott,Johnson-Walker,1519,TPO,Donaldville,ID,2024-04-10
Tiffany Moore,Gardner-Collins,13689,Asphalt,Coxshire,MI,2023-07-30
Paul Davis,Hayden Group,19825,Metal,Lake Derek,NH,2024-12-06
William Lowe,Skinner Ltd,32757,Metal,Tuckerchester,AL,2023-09-30
Natalie Smith,Castro Inc,38744,TPO,Davisport,MT,2024-03-18
Mary Fox,Gonzalez-Perez,1709,Metal,Jamesburgh,TX,2025-04-06
Scott Miller,Cantrell Group,9017,Foam,Ashleyburgh,UT,2023-05-22
Robert Harrison,Alvarado-Johnson,18282,Foam,West George,DE,2024-04-16
Christina Gomez,Schmidt LLC,16755,Foam,Jessicaton,MP,2023-08-09
Rebecca Steele,"Walker, Mcintyre and Garcia",19920,Metal,North Stevenfort,PA,2024-08-22
Michelle Morales,Fuller-Hall,46827,TPO,Lake Anthony,IL,2025-01-16
Gina Francis,"Rodriguez, Sanders and Mendoza",16914,TPO,Charlesberg,SC,2023-04-17
Michaela Perez,Mccormick Inc,7032,Foam,Fitzgeraldland,OH,2023-05-04
Kevin Wells,"Stout, Barber and Mullen",47481,Metal,Wilsonport,WA,2024-07-15
Mark Cook,Ross-Cherry,18734,TPO,New Jamesbury,MT,2024-05-15
Jesse Roberts,Guerra-Wright,42968,Foam,New Bryceville,NC,2024-12-09
Miranda Adams,Gray-Richardson,49727,Asphalt,Lake Justin,PW,2023-06-11
Joseph West,"Brooks, Schultz and Glenn",36253,Foam,Michaelstad,MO,2023-05-02
Mark Andrade,"Vincent, Ramsey and Brock",6321,Metal,New Lauraborough,NY,2023-10-02
Joseph Carter,Curry Group,36855,TPO,Jeremiahtown,CO,2025-03-20
Robin Mcmillan,Dalton Group,7128,TPO,Schwartzbury,MH,2023-09-04
Steven Hunt,"Bennett, Miller and Montgomery",34419,Foam,Jacobview,UT,2025-02-25
Lacey Edwards,"Haynes, Beasley and Garcia",20317,Foam,Kaylaborough,TX,2023-11-02
Christine Bryant,Sanders Inc,47543,TPO,Laurastad,ID,2023-09-25
Tyler Perez,Baker-Morrow,42743,Asphalt,Rogersfurt,MA,2024-12-21
Tracy Butler,"Greene, Meyer and Reynolds",38137,Foam,Cindyshire,IL,2023-07-19
Samuel Carrillo,Mathis Group,35804,Metal,West Francestown,PW,2024-12-01
Amy Reed,Williams Group,35845,Metal,North Leonard,NM,2024-04-08
Robert Jimenez,May Group,29489,Metal,New Kelseychester,NH,2023-11-09
Lauren Gilbert,Cobb LLC,6788,Asphalt,East Jeffrey,NE,2023-12-11
Mary Stafford,Andrews-Lawrence,17355,Foam,Bartonside,MO,2024-01-27
Donald Johnson,"Moran, Herrera and Smith",13997,Asphalt,Woodland,IA,2023-06-03
Shannon Rodriguez,Decker-Garcia,9338,TPO,East Terri,MH,2024-02-04
Larry Baker,Lewis-Green,21716,Asphalt,Beckerstad,NH,2023-07-04
Robin Moreno,Morales Group,49859,Foam,Andreaview,VA,2024-02-04
Dr. Joy Diaz,Nelson and Sons,6534,Foam,Lake Cody,LA,2024-10-31
Joanna Phillips,Hernandez-Castaneda,11330,TPO,Port Kimview,MT,2024-09-24
Derrick Frank,"King, Martinez and Pearson",26406,TPO,Rodriguezton,MD,2024-01-03
Judy Williams,Ashley-Pacheco,33342,TPO,East Jonathan,TX,2024-12-01
Heather Stanley,"Gonzalez, Barrett and White",31187,Asphalt,Richardbury,ME,2024-09-01
Michael Smith,Wood Inc,31691,Asphalt,Jodyside,ID,2024-07-24
Laura Reed,"Santos, Wu and White",49425,Asphalt,Andreaberg,SD,2024-07-17
Robert Gaines DVM,Lee Ltd,46320,Metal,West Danielmouth,AR,2023-05-23
Joanne Alvarez,Gaines-Williams,6362,Asphalt,Chenmouth,PW,2024-10-14
Richard Howard,"Douglas, Harris and Camacho",8376,Foam,New Malik,AR,2024-05-21
Jessica Greer,Franklin Inc,44262,Metal,West Jason,VI,2024-08-06
Ricky Goodman,"White, Ward and Mitchell",17275,Foam,Lake Richardborough,PR,2023-12-05
William Fields,Snyder and Sons,8266,Metal,North Suzannemouth,AR,2024-03-12
Christina Barker,Smith Inc,44451,TPO,Robertsonhaven,OH,2025-01-02
Jessica Middleton,Gonzalez PLC,36246,Asphalt,Suarezport,AK,2023-11-12
Veronica Brown,Smith-Johnson,38714,Asphalt,Ortizmouth,NY,2024-01-21
Mary White DVM,Villarreal LLC,44022,Asphalt,North Zachary,MH,2025-02-15
Ian Clark PhD,"Harris, Bennett and Gilbert",40997,TPO,Grantmouth,MP,2023-10-06
Anthony Christian,Neal Group,33512,Metal,Richardsside,RI,2024-01-17
Nancy Novak,"Sullivan, Friedman and Nolan",35657,Metal,South Brendaside,NC,2023-11-29
Debra Dickerson,Carroll-Barry,12424,Metal,East Stephaniechester,IN,2024-03-05
David Schroeder,"Davila, Green and Marquez",46530,Foam,Francisstad,MA,2023-10-18
Peter Johnson,Carey-Webster,19587,Metal,South Nicholas,PW,2024-02-01
Travis Tran,Martinez Ltd,36861,Foam,North Tina,DE,2023-07-25
Steve King,Howell LLC,28608,Foam,Leebury,NV,2024-10-01
Julie Cohen,Patel-Beck,33021,Asphalt,Brooksside,TN,2024-11-13
Brian Koch,Simpson-Pruitt,29209,Metal,Laurafurt,WA,2025-03-02
Phillip Davis,"Lara, Mitchell and Ibarra",36364,Foam,Grimesstad,NY,2025-01-04
Carol Moss,"Woods, Perkins and Blair",34916,Asphalt,East Jillbury,NJ,2023-06-21
Nicholas Booker,"Davis, Brown and Ortiz",25507,Metal,Franceston,WY,2023-04-20
Tiffany Williams,Simpson-Maldonado,44330,Metal,West David,MN,2024-09-08
Christopher Harrison,Rowland-Nelson,25245,Metal,Angelberg,UT,2023-05-07
Michelle Bass,Dunn-Bender,21903,TPO,New Eric,KS,2025-01-13
David Vaughn,Schroeder Inc,17477,Asphalt,New Kathrynmouth,PR,2024-10-07
Kristin Willis,Wolfe Group,36439,Asphalt,Lake Steven,WY,2024-11-30
Heather Yang,Walker-Sellers,18307,Foam,East Haley,KS,2024-05-06
Joel Maxwell,Webster and Sons,37065,TPO,Mendezside,TX,2023-05-01
Maria Brandt,"Thompson, Durham and Medina",48277,Metal,Christophertown,ND,2024-08-16
Melissa Wood,Weaver Inc,27546,Asphalt,North Nicholas,SC,2024-06-27
Mary Middleton,Harris-Stewart,2604,Metal,Lake James,PW,2024-04-17
Deanna Fitzgerald,"Rodriguez, Ramos and Elliott",48992,TPO,South Johnland,MA,2023-09-05
Sandra Moore,Mccall Ltd,15018,Asphalt,Singletonmouth,PA,2024-09-04
James Wilson,Lopez-Schaefer,9765,Metal,Aaronbury,FL,2024-11-27
Kyle Smith,Crane-Reid,41347,Foam,North Tina,IL,2023-10-13
Mike Campbell,Newman-Hayes,48838,Foam,Lake Casey,WA,2023-11-29
Sara Lopez,"Thompson, Schmitt and Salinas",34559,TPO,West Danielhaven,MI,2023-12-29
Andrew Vincent,Ruiz-Olson,43812,TPO,West Matthew,NY,2025-02-28
Arthur Sanchez,King Ltd,4478,Asphalt,Jamiebury,OK,2024-08-30
Elizabeth White,Leon-Stark,29756,Metal,East Vickiborough,LA,2024-08-14
Christopher Joseph,Jimenez Ltd,34344,Metal,North Cindy,CO,2025-01-21
Steven Kennedy,"Mendoza, Williams and Harris",25021,Asphalt,Samuelton,MA,2024-03-14
Krystal Sanchez,Pratt-Williams,6112,Asphalt,New Johnbury,SD,2023-09-16
Brandon Morton,Gibbs LLC,25033,Asphalt,Port Melissabury,NE,2023-09-20
Cody Gray,"Atkins, Beck and Sanders",42302,TPO,Erikaland,PW,2023-09-12
David Dorsey,"Mccall, Dickson and Harding",26208,Foam,North Kathymouth,CT,2025-01-17
Jeremy Martin,Peters Inc,1517,Asphalt,East Josephland,ID,2024-12-23
Brandon Sanchez,Garcia Ltd,7454,Metal,North Veronicaberg,NE,2023-08-01
Gary Ruiz,Craig-Mcneil,38662,Asphalt,Rodriguezbury,DE,2024-10-22
Amy Parker,Brooks-King,45676,Asphalt,East Alicia,OK,2024-12-31
Anita Hatfield,Sanchez-Sanchez,27503,Metal,Ruizview,MS,2025-04-01
Michelle Collins,Johnson Inc,36321,Foam,Isaacside,NC,2024-05-06
Mary Harris,Willis and Sons,40960,Asphalt,Gonzalezport,AS,2024-05-31
Eric Gutierrez,Taylor and Sons,2089,TPO,North Scott,CT,2024-01-28
Alexandra Byrd,"Hammond, Bishop and Garcia",20798,Foam,Andrewville,CO,2024-07-13
Jeffrey Gonzalez,Vaughn-Perkins,35970,TPO,Ericborough,CT,2024-05-08
Sarah Fox,Boone Inc,9670,TPO,North Victoriafort,RI,2023-09-26
James Sosa,Bishop LLC,29791,Metal,Brianburgh,VT,2023-10-21
Stephen Spencer,Reyes-Morrison,26972,Foam,Lake Elizabethmouth,PA,2023-05-29
Rebecca Mckinney,"Richardson, Preston and Glover",14703,Metal,Farleystad,VT,2024-07-24
April Harris,Shelton Ltd,32149,Asphalt,Helenmouth,FM,2024-11-03
Clifford Roberts,Ward-Smith,7830,Foam,Port Jennifer,NV,2025-02-14
Kimberly Goodwin,Richardson PLC,34908,TPO,West Jamesville,WA,2023-07-29
Olivia Sanders,Jones-Herring,29601,Asphalt,South Erin,AZ,2024-06-14
Richard Avila,"Rojas, Steele and Powell",23590,Metal,Port Danielton,SD,2025-01-04
Samuel Yoder,Barnes PLC,13462,Foam,North Lauraton,NJ,2024-08-08
Ronald Mays,"Hart, Suarez and Murphy",24390,Asphalt,New Randall,NV,2024-12-08
Heather Davis,"Smith, Gonzalez and Warner",49092,Foam,Stoneburgh,SC,2024-10-20
Melissa Brown,Allen-Lawson,10421,Asphalt,Morganview,MS,2023-07-02
Jimmy Taylor,Chapman Group,13315,Foam,Collierville,ID,2024-03-21
Brandon Welch,"Reed, Wolf and Hensley",2364,Foam,North Jessicamouth,AZ,2023-07-07
Todd Solomon,"Anthony, Jones and Martinez",28525,Asphalt,New Alyssaton,WV,2023-04-30
Jonathan Ruiz,"Holmes, Russell and Bradshaw",24837,Asphalt,West Bridget,FM,2023-10-29
Sherry Macias,Gray-Sawyer,28259,TPO,West Amberville,RI,2024-08-17
Michael Garrett,"Hudson, Chavez and Miller",28689,TPO,South Heidi,GU,2024-07-20
Mary Brown,Lloyd-Wilson,37605,Foam,Williamshire,ND,2024-05-21
Jesse Carroll,Ward-Kelly,49530,Metal,Bradshawmouth,ME,2023-06-06
Robert Hodges,"Adams, Booker and Holt",28821,Asphalt,Lisaborough,GA,2024-08-12
Lauren Hill,"Johnson, Wong and Giles",26763,Foam,Marymouth,NY,2023-07-14
David Sparks,Herrera-Johnson,16533,Asphalt,Williamborough,ND,2023-10-24
Jacob Brewer,Brooks LLC,9857,Asphalt,Port Ryan,WI,2023-04-25
Latasha Frank,Downs Group,19478,Asphalt,Port Angela,PR,2023-08-18
Trevor Matthews,"Cook, Garrison and Smith",20812,Asphalt,New Jacobport,CA,2024-11-08
Kayla Turner,Kirk Group,12145,TPO,Christophertown,LA,2023-07-27
Robert Smith,Davis and Sons,38382,TPO,North Willie,AS,2024-03-22
Jeffrey Williams,"Morales, Norris and Wright",49733,TPO,Scottmouth,SC,2024-06-30
Lindsay Clark,Rojas-Forbes,39877,Foam,Murphystad,AK,2024-12-24
Karen Foster,Herring Inc,13368,TPO,Stephenmouth,MN,2024-11-15
Thomas Wagner,Lopez-Phillips,6749,TPO,East Douglasville,NY,2024-09-24
Mrs. Shannon Hughes,"Fischer, Brown and Black",36990,Asphalt,West Sandraborough,NM,2025-01-30
Tanya Maldonado,Lopez LLC,47400,Asphalt,Lake Patriciaton,FM,2024-10-31
Tiffany Lopez,Martin-Miller,15153,Foam,Paulmouth,SC,2024-05-27
Gina White MD,"Campbell, Scott and Oneill",14338,Asphalt,Port Douglasfort,GU,2024-08-05
John Jackson,Humphrey Group,46312,TPO,West Vanessachester,NH,2024-11-27
Joseph Page,Bell Group,7417,Foam,Baileyview,NE,2023-12-15
Christina Schultz,"Wheeler, King and Roberts",48671,TPO,Mooreview,GU,2024-07-08
Douglas Phillips,Duran-Nelson,40302,Foam,South Christophershire,FM,2024-04-04
Tina Hatfield,Cruz-Henderson,8819,Asphalt,New Kellyton,PW,2023-11-05
Adam Petersen,"Sims, Singh and Rubio",44591,Asphalt,West Julieville,VT,2025-02-06
William Hart,Bryant-Martin,41708,Foam,South James,RI,2024-09-17
Mary Riggs,Bryant Group,37564,Asphalt,West Sheri,AS,2025-01-30
Jeffery Jones,"Carter, Wilkinson and Whitaker",13685,TPO,Port Tracyberg,AR,2024-07-01
Troy Arroyo,Brewer Inc,32825,Asphalt,Lake Kathryn,MD,2024-12-18
Christopher Dominguez,Burnett-Reeves,39438,Foam,New Susan,NM,2024-02-12
Patrick Norman,Green-Martin,18378,TPO,North Christopher,OR,2024-07-19
Michelle Miller,Miller PLC,37726,Foam,South Staceystad,VI,2023-11-14
April Webb,"Parker, Davis and Holmes",43809,Metal,Thomasborough,SC,2024-11-13
Trevor Chavez,Montoya Group,15966,TPO,Lindseyhaven,IN,2024-02-02
Joseph Blake,Bell-Cannon,43148,Asphalt,New Mark,MS,2023-08-03
Rebecca Powell,Fernandez Ltd,14993,Metal,Taraborough,HI,2024-06-03
Rachel Martin,"Chan, Allen and May",14139,Foam,Brownport,MD,2025-01-10
Joseph Cantu,"Mooney, Gregory and Massey",39441,Asphalt,Rodriguezstad,MS,2023-08-03
Keith Mendoza,"Anderson, Ortiz and Phillips",25453,TPO,North Charlesville,FM,2024-08-05
Kimberly Cannon,"Figueroa, Benson and Simmons",39433,Metal,East Kellybury,NM,2024-01-01
Mark Hanna,Stanley-Edwards,5291,Asphalt,Jonathanmouth,WA,2024-01-29
Ashley Austin,Jackson Ltd,25248,Metal,Mortonbury,AR,2024-03-02
Lindsay Davis,Lewis-Miller,9672,Metal,Vincenthaven,IN,2024-12-13
Marissa Garcia,"Smith, Pena and Gaines",48725,TPO,Lake Michaelmouth,NY,2024-02-21
John Ortiz,"Stuart, Tanner and Kidd",37257,Asphalt,Castillochester,NY,2025-02-05
Christina Reed,King PLC,38434,Foam,West Kimberlyside,WI,2024-12-29
Scott Edwards,Reid Ltd,42151,Metal,Steventown,FL,2024-03-20
Shelby Torres,Smith Ltd,43485,Foam,Brendahaven,WV,2025-02-09
Thomas Hall,"Smith, Taylor and Hall",38349,Foam,Anneview,MT,2023-10-12
Angela Burke,"Glenn, Curtis and Holloway",41178,Asphalt,South Miguel,NC,2024-07-08
Sharon Smith,Barajas Inc,36188,Metal,Port Heather,MO,2023-07-10
Jason Herrera,Brooks-Mcpherson,7085,Foam,Johnsonhaven,AL,2024-09-20
Emily Barajas,Page Inc,39458,Foam,North Mauricefort,AK,2023-10-31
Brittney Reid,Gutierrez-Hutchinson,15121,Metal,Lake Josephfurt,AK,2023-09-04
Danielle Shepard,"Medina, Maldonado and Vasquez",17158,TPO,Jeffborough,IL,2025-02-06
Sara Torres,Perkins and Sons,43539,TPO,Jonestown,PW,2023-09-20
James Barry,Erickson Group,26984,Metal,Whitetown,WY,2025-03-31
Alan Romero,Carrillo and Sons,5915,Foam,Floresburgh,MI,2024-06-24
Keith Curry,"Valdez, Lara and Freeman",5694,TPO,Jasonfort,NJ,2023-12-14
Ronald Hart,"Mack, Potter and Beltran",2123,Asphalt,South Jessicahaven,PR,2025-03-18
Shelley Fuentes,Lloyd and Sons,27291,Metal,New Aaronville,WV,2023-05-25
Rebecca Henry,Sampson Ltd,11182,TPO,Port Aliciamouth,CT,2023-06-23
Joy Young,"Ball, Dalton and Lewis",22027,TPO,Lake Scott,CA,2024-08-11
Jessica Mitchell,White Ltd,8026,Asphalt,Kleinbury,AL,2023-06-28
David Serrano,"Berger, Rogers and Russell",27259,TPO,Royville,MO,2025-02-04
Douglas Roberson,Vega PLC,42344,TPO,Deborahborough,NE,2024-03-14
Jorge Jordan,Salinas-Jones,10259,Metal,Gabrieltown,IA,2023-04-29
Jessica Berger,"Ramirez, Mason and Diaz",48128,Foam,South Joshua,TX,2023-06-17
Destiny Carter,"Morales, Owens and Adams",4505,Foam,East Chelsea,IA,2025-01-02
Stephanie Farmer,Cohen-Wright,27867,Asphalt,New Cameron,IN,2024-01-15
Louis Underwood,Forbes PLC,17103,TPO,Johnathanside,UT,2023-09-30
Scott Harrell,"Juarez, Myers and Watson",35995,Metal,New Markport,TX,2024-12-18
Mrs. Victoria Jones DDS,Brown-Hall,21550,Foam,Deborahchester,OR,2023-12-29
Darrell Miller,Butler-Anderson,20450,TPO,Lake Kaylamouth,OR,2023-09-06
Crystal Johnson,"Bird, Pacheco and Barnes",29775,Asphalt,West Christopherland,NH,2024-10-02
Aimee Lee,"Doyle, Wilson and Sharp",18253,TPO,West Michaelfurt,MH,2024-06-30
Sara Arnold,"Anderson, Arroyo and Duran",41455,Foam,Jamesside,MT,2023-10-04
Lisa Hicks,Hurley-Howard,36319,TPO,Roberthaven,MH,2024-11-30
Vincent Jones,Herring Ltd,22639,Asphalt,North Sabrinaview,NV,2024-03-01
Shaun Nolan MD,Thompson-Booker,25195,Foam,Lake Rebecca,MO,2024-03-04
Evelyn Whitehead,Small-Cole,43344,Metal,Adrianbury,TX,2024-01-24
Lori Gonzalez,"Lopez, Pace and Cortez",42166,Metal,Woodardstad,VI,2024-11-25
Robert Hamilton,Gray Group,25443,Asphalt,Lake Jessicashire,RI,2024-04-30
Mary Cabrera,Henderson PLC,8857,Asphalt,West Josephton,MP,2023-10-31
Maurice Jackson,Hall-Calderon,16582,Asphalt,Paulaside,ID,2023-08-12
Mr. Christian Wu,Sullivan-Arnold,41189,TPO,New Ethan,ID,2025-02-15
Sandra Collins,Dyer PLC,28128,Asphalt,East Robertside,FM,2023-07-13
Regina Montgomery,Adkins PLC,33843,Metal,Wagnerstad,CO,2024-06-14
Anna Hoffman,"Taylor, Hutchinson and Fowler",4682,TPO,South Daniel,NE,2023-11-26
Andrew Williams,"Thomas, Herrera and Smith",7208,Foam,Shannonfort,MT,2024-09-26
Andrew Brennan,French-Smith,42645,TPO,North Erica,AZ,2024-11-24
Kristin Mcclure,Moore Ltd,4893,Asphalt,Margaretport,WY,2023-11-11
Jamie Myers,Coleman Ltd,9484,Metal,Michaelstad,OH,2024-12-25
Brandy Floyd,Morris Group,4142,Foam,Hernandezberg,NY,2025-01-11
Michael Edwards,Cisneros PLC,7297,Foam,Ayalaside,ND,2025-02-07
James Pierce,"Miller, Bailey and Humphrey",39875,Asphalt,Stephanieshire,MA,2023-08-27
Erik Henry,Stewart-Rogers,21922,Metal,Calvinbury,WA,2025-03-05
Mr. Justin Scott,Perez-Barrett,18627,TPO,North Sherry,MD,2024-12-13
Joshua Boone,Mathis-Williams,26624,Metal,Stephenshire,NH,2023-06-09
Sean Thomas,Hernandez PLC,1789,TPO,New Thomas,UT,2023-07-05
Bob Gonzalez,"Barber, Perez and Cameron",29102,Asphalt,Donnastad,VT,2024-12-13
Steven Snyder,"Garcia, Kerr and Carey",12894,Asphalt,Nicholasside,AK,2023-07-07
Scott Coffey,Johnson-Horton,36620,Asphalt,Kelseystad,KY,2024-05-09
Holly Reynolds DDS,"Thompson, Fowler and Hahn",41237,Metal,East Darlene,OH,2024-11-06
Joshua Allison,"Woodward, Duncan and Haynes",48390,TPO,South Kevin,MD,2023-07-02
Megan Sampson,Estrada PLC,20681,Metal,Charlesmouth,WA,2024-06-06
Scott Rogers,Rogers-Phillips,10026,Metal,Watsonshire,IN,2023-05-01
Cory Patterson,Pham-Mccarthy,2068,Metal,Lake Jenniferfurt,IA,2023-07-03
Mary Gonzales,Martinez-Wyatt,8195,Foam,Riverafurt,NC,2023-07-29
Erica Oliver,"Watkins, Singleton and Griffith",34107,Foam,North Ashley,GU,2023-07-31
Scott Hill,Jones-Anderson,14199,Foam,Wallacechester,MS,2023-06-01
Richard Hayes,"Kelly, Rodriguez and Miller",7804,Asphalt,Lake Kyletown,SD,2023-06-11
Diane Butler,Lee PLC,42318,TPO,Port Christopher,AK,2024-05-23
Robert Holder,"Porter, Baker and Holmes",23836,Asphalt,Port David,MD,2023-11-22
Pamela Collins,Harris-Bennett,19119,Foam,Vanessastad,UT,2024-09-26
Cathy Thompson,Scott-Frazier,40694,Asphalt,Bairdbury,MA,2025-01-02
Christine Smith,Lee PLC,31908,Metal,North Autumn,WI,2024-12-28
Ryan Conley,"Simpson, Choi and Padilla",30249,Foam,Jonesport,WV,2023-11-08
Andrew Underwood,Washington Ltd,3402,TPO,Julieberg,NV,2024-07-24
Robin Jones,Simpson-Ray,7937,Metal,East Edwardstad,AK,2023-07-07
Gregory Rodriguez,Bennett-Decker,14184,Asphalt,Carlafort,MI,2024-12-02
Joe Lee,Allen and Sons,18246,TPO,West John,IN,2023-11-30
Anthony Jones,"Hernandez, Mathews and Cruz",19952,Metal,New Sharon,MP,2024-09-23
Karen Garcia,Martinez-Cole,45676,Asphalt,Lake Rachel,NY,2023-11-09
Brad Lewis,"King, Moreno and Kramer",18104,Asphalt,East Lisaton,IL,2023-09-16
Sean Leblanc,"Gillespie, Peterson and Anderson",49965,Metal,Johnmouth,GU,2025-02-28
Sarah Velez,"Whitaker, Stokes and Palmer",26673,TPO,Sethborough,TN,2024-01-19
Jacob Morales,Wood Group,40909,Asphalt,Lake Melinda,OH,2023-09-09
William Monroe,Roach LLC,28386,Asphalt,Thompsonburgh,PW,2023-11-15
Jill Pham,Gonzalez PLC,25059,Metal,Lake Charles,SC,2023-09-11
Robert Sanders,Wallace-Marshall,32065,Asphalt,Obrienfort,IL,2023-12-05
Steven Pitts,"Skinner, Martin and Baker",10645,TPO,Port Manuel,FL,2025-04-10
Shari Carter,Bates-York,46350,TPO,New Brian,KS,2023-12-28
Robert Miller,"Lewis, Krueger and Tran",5620,TPO,New Jessicaberg,AS,2023-10-28
Brooke Moore,"Jacobs, Hogan and Sanchez",13331,TPO,Williamsshire,WA,2023-09-16
Thomas Jordan,Hill Inc,36305,Asphalt,Carneyfort,NE,2025-04-07
Mackenzie Adams,"Sandoval, Abbott and Delacruz",1201,TPO,Glennhaven,AR,2025-03-01
Craig Lamb,Aguilar and Sons,49497,Foam,Thomasfort,NE,2025-01-13
Laura Marks,Brooks-Callahan,30576,Metal,South Alyssa,AZ,2025-01-16
Donna Brown,Davis Ltd,33972,TPO,Georgeland,AZ,2023-12-07
Melissa Hayden,Porter and Sons,36907,Asphalt,Michaelview,IA,2023-07-20
Sarah Fisher,"Mueller, Adams and Elliott",49824,Asphalt,Millerton,GU,2024-09-04
Christopher Carr,"Bennett, Smith and Garcia",14139,Foam,Pattonberg,GU,2025-02-21
Kyle Taylor,Rice Inc,9730,Metal,East Christina,GA,2023-07-16
Jacqueline Walker,Rojas-James,39414,Asphalt,Haynestown,WA,2024-11-04
Brian Ho,"Hunter, Rose and Holloway",18933,Metal,New Christina,AR,2024-05-13
Alexander Lee,Clay Group,3135,Asphalt,New Johnshire,SC,2024-02-01
Matthew Sparks,Perkins-Le,42141,Asphalt,West Melissa,GU,2025-01-08
Gabriel Potts,Walker and Sons,35405,Asphalt,Vickieburgh,IN,2024-02-17
Gloria Campbell,"Barnes, Blake and Eaton",23789,Asphalt,East Evan,NE,2023-10-06
David Torres,"Hernandez, Brewer and Smith",45073,Foam,Port Travisville,DC,2023-05-19
Christopher Jones,"Copeland, Elliott and Olson",25101,TPO,North Desiree,MN,2025-01-27
Jason Jones Jr.,Anderson Inc,43136,Asphalt,Lake Kristinefort,RI,2023-08-08
Jesus Williams,Glenn-Hernandez,4078,Metal,Kristopherberg,AK,2025-03-06
Kevin Harris,Allison LLC,32788,Foam,Lake Paigefort,MD,2025-01-14
Ashley Mccullough,Cochran and Sons,2660,TPO,Jarvisside,HI,2023-08-29
Seth Phillips,West-Conway,38258,Foam,Baileyview,FL,2025-04-11
Amanda Ford,"Turner, Griffin and Garcia",48958,TPO,Port Jordan,MS,2023-05-10
Michael Harris,"Robinson, Davis and Roberson",38136,TPO,East Scotttown,OH,2023-07-25
Rhonda Watkins,Owen-Odonnell,30484,Metal,North Maryhaven,DC,2023-12-27
Michael Dixon,Myers-Curtis,20182,Foam,Port Eric,ID,2023-10-08
James Harvey,"Lawrence, Parks and Scott",46807,Foam,Lutzton,NC,2023-04-30
David Bowers,"Miller, Lewis and Martinez",10765,Metal,Desireebury,MO,2024-10-18
Jeffrey Smith,Peterson PLC,31067,Asphalt,Bonniestad,WI,2023-06-19
Michael Jones,"Smith, Atkinson and Myers",49861,Foam,West Emilyville,DE,2025-01-30
Kimberly Velasquez,Ward-Wagner,11402,Metal,East Nicholas,DE,2023-04-22
Kelly Peterson,Obrien Ltd,6577,Asphalt,North Katherineview,PA,2023-06-12
Jeffrey Berry,Meyer Group,43702,TPO,Serranoborough,ME,2024-01-08
Marc Church IV,"Lopez, Ruiz and Rice",34171,Foam,Samanthastad,CA,2024-12-29
Mr. James Gonzalez,Riley-Collins,3751,Foam,New Kimberly,IN,2024-02-27
Mr. Joseph Green,"Griffin, Gilbert and Diaz",11561,Asphalt,Reevesburgh,AZ,2023-10-03
Gregory Todd,Ferguson-Hunter,42407,Foam,West Jessicabury,GA,2024-10-23
Tara Johnson,Burns-Rasmussen,21816,TPO,South Ericton,CT,2023-10-07
Kayla Morgan,Cox-Williams,30308,Foam,Castillotown,DC,2025-02-17
Bradley Hall,"Villarreal, Wilkins and Weber",28830,Metal,Lake James,ME,2024-05-22
Lisa Davis,Turner Inc,47727,Asphalt,Keithfort,CA,2024-06-05
Barbara Ruiz,"Callahan, Saunders and Gray",16275,Metal,Lake Colinstad,PA,2025-01-27
Jesse Rodriguez,"Steele, Rodriguez and Ellis",10136,Metal,Sandraland,NH,2025-01-31
Steven Schaefer,Smith Inc,30409,TPO,Wongfort,NM,2024-07-07
Robin Ward,"Kim, Clark and Taylor",44401,Metal,Port Marcus,TX,2023-10-30
Jorge Lopez,"Hall, Bennett and Stanley",37827,Asphalt,Lake Austinburgh,LA,2024-06-12
Brittany Martinez,Leon-Lee,2833,Metal,East Scottport,PA,2024-01-26
Michael Andrade DDS,Cruz-Nelson,37653,TPO,Millerview,TN,2025-03-23
Carl Williams,Whitaker-Duran,25945,Metal,Michaelville,GU,2023-08-05
Robert Campbell,"Gray, Krause and Stone",2769,Asphalt,South David,IA,2023-06-14
Charles Blanchard,"Harris, Kelley and Armstrong",19502,Metal,Lake Justinville,MO,2023-04-18
Robert Hernandez,"Mullen, Moore and Mitchell",13606,Asphalt,New Joshua,NY,2024-02-08
Michael Guerrero,Smith PLC,29263,Asphalt,Port Valerie,FL,2024-11-13
Jacob Carrillo,"Duncan, Perez and Morrison",12592,Foam,Smithport,IN,2023-06-09
William Jones,Miller Group,37193,Metal,Port Michaelville,PW,2025-03-25
Jeffery Gordon,Brown-Roy,21475,TPO,Reginaldbury,CT,2025-04-11
Mark Jones,Hawkins Group,22357,Metal,West Kennethshire,UT,2024-10-30
Albert Lewis,Cummings-Blevins,36812,TPO,Port John,ND,2024-03-14
Briana Curry,"Thompson, Ramsey and Williams",3123,Asphalt,South Adriantown,FL,2024-03-20
Lynn Larson,"Powell, Anderson and Freeman",21039,TPO,Dillonton,WY,2024-10-31
Eric Williams,Pierce Inc,22625,Asphalt,Millerstad,NV,2024-03-10
Eric Joyce,"Rodriguez, Fisher and Cruz",42100,Foam,Richardton,IN,2023-12-21
David Drake,Steele-Wood,37368,Asphalt,Williamschester,GA,2023-05-22
Janice Guerrero,"Haney, Mckay and Green",34327,Asphalt,Lake Aaron,VA,2023-12-18
Debra Mitchell,West-Juarez,28107,TPO,South Jessicaside,MI,2024-04-08
Chase Brown,Arroyo-Johnson,18369,Foam,Sherrifort,MI,2024-06-06
Paul Patton,Bell Ltd,38881,Metal,West James,TX,2023-07-18
Alicia Miller,"Price, Chapman and Wilson",19687,Asphalt,Fernandezland,TX,2023-08-25
Ian Johnson DVM,"Woods, Lawson and Knox",39956,Metal,Colinbury,DE,2025-02-25
Katherine Murray,Bradford and Sons,22559,TPO,North Ricardo,AZ,2024-11-05
Pamela Garrett,"Cox, Delacruz and Grant",40164,Asphalt,Bryantborough,DE,2024-04-21
Carlos Fowler,Howell-Thomas,20975,TPO,New Heatherberg,AR,2024-04-26
Michelle Gordon,"Valentine, Lane and Hill",12793,Foam,New Robert,NC,2025-02-19
Stephanie Ortiz,Mathis-Booth,31068,Asphalt,Fernandezview,FL,2024-07-07
Nathaniel Hart,Walker-Trujillo,49944,Foam,North Jasonside,NY,2023-04-28
Lisa Miller,Choi-Barker,19171,TPO,Lake Jessica,NV,2024-03-25
Ann Freeman,Booker-Scott,13879,Metal,Nathanfurt,LA,2023-05-08
Andrea Fowler,Leonard and Sons,38245,Asphalt,Gonzalesland,PR,2025-02-25
Erika Moore,Padilla PLC,28932,TPO,New Sarachester,MI,2023-07-28
Zachary Case,"Clark, Jimenez and Price",26589,Asphalt,Russellmouth,IN,2023-11-26
Donald Burch,Smith Group,30796,Asphalt,Maryport,MD,2024-03-13
Edward Myers,Horn-Small,43829,TPO,Normaville,NY,2024-09-18
Larry Harris,Hamilton LLC,12195,Foam,Hughesbury,NC,2024-12-18
Joe Roberts,"Jenkins, Harris and Bell",45701,Foam,Hillport,AR,2024-05-26
Leslie Perez,Flores-Allen,37417,Metal,Carlosborough,SD,2025-03-08
Timothy Williams,"Flores, Smith and Simmons",20734,Foam,Petersland,CT,2023-11-04
Kimberly Garrett,"Mccormick, Chambers and Craig",39119,Metal,Marthaberg,GA,2024-12-19
Spencer Davis,Wiggins Inc,16396,Asphalt,New Kenneth,TX,2025-01-07
Micheal Scott,Rivera and Sons,43835,TPO,East Amandabury,NJ,2024-04-06
Scott George,Cox Group,30887,Foam,East Brianville,AS,2024-09-07
Philip Wolf,Fritz PLC,2133,Metal,West Donaldchester,NE,2023-09-18
Jacob Jimenez,"Grant, Thomas and Miller",36367,Asphalt,Vangberg,AL,2024-09-25
Kimberly Johnson,Small-Gray,49314,Asphalt,New Tracytown,PR,2023-11-04
Tracy Ross,Chan-Moore,40914,Asphalt,Lake Michaelfort,IA,2024-08-02
Michele Black,Hudson and Sons,48636,Metal,Valdezmouth,AR,2024-10-09
Laura Carter,Barnes-Jensen,9619,Asphalt,North Derrickberg,CO,2023-08-13
Hannah Mckinney,Leonard and Sons,11828,Foam,Lake Danielview,VT,2025-02-08
Lisa Bartlett,"Fox, Chavez and Steele",36082,TPO,Marshallberg,FM,2024-09-29
Jonathan Stephens,Allen LLC,26920,TPO,New Michael,KS,2024-03-11
Ashley Jackson,Blake-English,3206,TPO,Marshallmouth,AS,2024-02-10
Tyler Collins,Anderson Ltd,27121,Asphalt,Lake Margaret,DC,2024-01-06
Taylor Allen,Stanton and Sons,25235,Asphalt,North Anne,KY,2023-11-02
Joseph Stafford,Clayton-Gibson,35749,Foam,Justinton,VA,2025-01-15
Douglas Thomas,Kelley-Tucker,35173,Metal,Griffinside,ND,2023-05-25
Michael Brown,"Hensley, Williams and Chambers",14280,Metal,Jenkinsbury,HI,2023-08-11
Peter Harrison,Jones LLC,41599,Asphalt,Hilltown,MS,2024-07-30
Pam Hicks,Larson and Sons,2074,Foam,Yvetteland,UT,2025-01-25
Matthew Walker,Levine Ltd,9986,Metal,Huntfurt,OH,2023-11-26
Toni Lawson,Mullen-Hill,47818,Foam,Michaeltown,VT,2025-01-07
Carrie Clark,Barnes Group,42833,Foam,New Kimberly,FL,2024-06-25
Amber Rivas,Roy Inc,44670,Metal,Stephenburgh,MA,2023-06-26
Emily Morgan,"Richardson, Powell and Ryan",1416,Asphalt,New Markview,NY,2023-11-26
Joanna Smith,"Drake, Dalton and Norton",43740,Asphalt,New Rachelland,MS,2023-11-29
Christian Gentry,Terry-Austin,33090,Asphalt,Robertstad,KY,2023-11-11
David Thompson,Nelson Group,10992,Asphalt,Ericmouth,WV,2025-01-27
Jacqueline Blanchard,"Bennett, Fuller and Jones",44377,TPO,Danielstad,CA,2023-07-28
Shelly Romero,"Lopez, Ellis and Jacobson",41524,Metal,North Timothyfurt,MN,2024-04-02
Scott Williams,Olson-Flores,1149,Foam,Vazquezshire,VA,2023-11-16
Mary Garrison,"Reed, Hardy and Matthews",28459,Asphalt,Mcdonaldmouth,MO,2024-02-16
Joshua Davis,Woods Group,36478,Foam,Phillipside,MP,2024-03-24
Charles May,"King, Davis and Reeves",37974,Metal,Port Sethview,IN,2025-02-11
Kevin Shaw,Burke Ltd,25429,TPO,Joshuamouth,OR,2025-03-31
Austin Peterson,Roy-Davis,15390,Foam,New Stephenshire,PW,2024-12-02
Philip Hill,"Davis, Lawson and Wade",40508,Metal,Quinnhaven,CA,2024-10-02
James Bates,King Group,43449,Foam,Mcmahonside,UT,2024-11-24
Justin Price,Mccoy-Tyler,44251,Asphalt,Christopherton,MS,2024-07-19
Edward Alexander,"Thomas, Roberson and Davis",42206,Metal,South Kellyberg,PW,2024-12-01
Melissa Hill,Bonilla-Patterson,4031,TPO,New Matthewside,PA,2023-11-20
Steven Ramirez,Richard-Morrow,18093,TPO,Hunterland,WI,2025-02-12
Darrell Casey,Peters LLC,16244,Foam,Flowersshire,IL,2024-02-06
Marissa Richardson,"Daniels, Hamilton and Ruiz",12852,Metal,New Annaville,PA,2023-11-05
Michelle Crawford,Patterson-Miller,15061,TPO,Brownton,NH,2023-09-13
Stephen Lang,Kelly-Rice,14366,Metal,Lake Jordanburgh,RI,2024-01-04
Linda Hayes,Marshall-Morris,33120,Asphalt,New James,NV,2023-11-20
Mary Nelson,Gonzalez Ltd,6632,Metal,Dominguezview,HI,2025-04-13
Mark Mckay,Jackson Group,26156,TPO,East David,WA,2024-09-01
Donald Odom,Young-Ray,37410,Foam,Gonzalezmouth,MD,2024-08-01
Heidi Burton,Hernandez-Campos,27742,Metal,Port Michaela,CO,2023-05-01
Bonnie Larson,Shaw-Jimenez,11950,Metal,East Christine,CA,2023-12-02
Clifford Wilson,Camacho-Lee,28285,TPO,Russellport,WA,2023-12-17
Christopher Peterson,"Gonzales, Powell and Wiggins",12115,Metal,South Heatherfort,VA,2024-06-18
Kyle Burton,Murphy Inc,26886,Asphalt,Baxterside,DC,2024-01-26
Jason Gray,Li Group,39736,Asphalt,New Vanessaberg,KY,2024-10-23
Emily Parsons,Werner and Sons,49660,Metal,Thomastown,IA,2025-03-23
Christopher Ortiz,Jordan Inc,17584,Foam,East Joyce,NH,2025-03-15
Paula Davis,Frost-Jacobs,5541,Metal,Jonathanside,HI,2024-03-23
Melanie Martinez,Gonzalez LLC,4515,Asphalt,Sharonport,AL,2023-12-08
Lori Robinson,"Nelson, Dixon and Pruitt",41011,Metal,Douglasberg,OK,2024-11-05
Pamela King,"Johnson, Flynn and Green",4442,TPO,Debbieborough,NV,2024-05-07
Jenna Leon,"Graham, Crosby and Gray",39184,TPO,Eriktown,IN,2025-03-29
Anthony Myers,Hurley Ltd,17372,Metal,Robertburgh,WV,2024-11-15
Robert Ware,"Brown, Garcia and Wilcox",33119,Asphalt,New Amandaville,NC,2025-01-09
Christine May,Roberson-Gilbert,25297,Metal,East Jill,RI,2024-01-06
Keith Roach,Smith-Greene,34877,Asphalt,Rhodesview,MH,2024-12-27
Michael Ford,Edwards-Johnson,24916,Asphalt,Port Jamie,MD,2025-01-30
Sharon Miller,Ward Group,32551,TPO,Diazshire,NM,2024-08-27
Zachary Torres,Carr Ltd,20394,Asphalt,Karentown,NV,2023-09-17
Michael Wolf,Jackson and Sons,34751,Metal,North Christine,SC,2025-01-15
Kayla Woods,"Roach, Johnson and Case",18109,Foam,East Melissa,MN,2024-09-23
David Ruiz,"Ward, Howell and Lam",3721,Asphalt,North Mitchell,MS,2025-03-11
Kenneth Flowers,Steele and Sons,8589,TPO,Lake Edwardton,AS,2023-12-07
Gina White,"Hamilton, Carney and Price",6421,Foam,Chavezborough,DE,2025-04-06
Richard Griffin,"Rios, Fisher and Rogers",5561,Foam,Anthonymouth,SD,2025-03-09
Tracy Terry,Bailey-Jordan,6701,Foam,Keithchester,CA,2025-01-20
Amber Reeves,Griffith-Jones,36012,Metal,Sarahview,NM,2023-07-27
Jessica Foley,Li-Watkins,32401,Asphalt,Seanport,WI,2024-04-08
Robert Wolfe,Rogers-Smith,31881,TPO,Davismouth,OK,2023-08-11
Jordan Williams,Whitaker LLC,48150,Metal,Jenniferton,AL,2024-05-10
Shane Franco,Harris-Schneider,19479,Metal,East Dylanburgh,MP,2023-04-28
Sara Yates,"Hernandez, Peterson and Gomez",14878,Foam,Silvabury,MP,2023-10-27
Tracy Richards,Jenkins-Thompson,42584,Metal,Whiteside,CT,2024-05-04
Kristy Robles,Wilson-Stevens,6475,Foam,North Josephmouth,AS,2023-07-08
John Chavez,"Rivera, Knapp and Anderson",24785,Asphalt,East Leslie,TN,2024-06-18
Brent Valenzuela,Sutton PLC,39769,Foam,Michaelborough,IN,2024-02-10
Debbie Avery,Bates-Joyce,30870,Metal,South Carol,OK,2024-09-01
Peter Butler,"Payne, Taylor and Goodwin",41122,Metal,Morganfort,VI,2024-02-11
Frederick Blair,"Warren, Alvarez and Marquez",19012,Metal,Lake Angelatown,AK,2024-08-26
Dennis Ramos,Hall-Goodwin,4607,TPO,Richardshire,PW,2024-04-17
Matthew Cardenas,"Miller, Coleman and Collins",43182,Asphalt,North Dillon,RI,2023-09-05
Courtney Holmes,Lopez-Hamilton,14025,Asphalt,Lake Bradley,NV,2024-07-20
Bryan Jones,"Bates, Chavez and Castro",16980,TPO,New Kylestad,AL,2024-07-11
James Santana,Stewart-Webb,1816,Foam,Port Corey,ND,2024-01-28
Darius Medina,Vasquez-Lawson,13972,TPO,Rachelville,AK,2024-06-25
Sabrina Spencer,"Reynolds, Gregory and Ellis",21424,Foam,Samanthaborough,MA,2023-10-03
Lisa Sharp,"Donaldson, Rosario and Kim",12095,Asphalt,Port Ashleyshire,SD,2024-04-21
Eric Gonzales,Phelps-May,41670,Foam,North Brandonchester,LA,2024-02-19
Todd Lopez,Moore LLC,36609,Asphalt,New Lawrence,PA,2023-07-03
William Rosales,Bishop-Smith,10791,TPO,Wilsonmouth,DE,2023-10-19
Patricia Jones,Johnson-Benson,31041,TPO,Ritaborough,HI,2024-08-14
Trevor Christian,"Jordan, Webb and Dennis",21234,Foam,Rodriguezfort,MS,2023-10-01
Jamie Lopez,Price Ltd,38555,Metal,Port Sara,ID,2025-04-08
Sara Williams,Joyce-Ryan,5923,TPO,East Brittneyshire,MD,2024-01-26
Donna Huffman,Woodward Inc,33767,Asphalt,Markmouth,MN,2023-12-22
Lisa Cisneros,Brown Inc,27458,TPO,Port Ryan,FL,2024-06-10
Heidi Jacobs,Diaz PLC,20820,Metal,Jenniferbury,HI,2023-07-04
Sara Nichols,"Johnson, Wilson and Meyers",35035,Metal,Nelsonborough,AL,2024-10-08
Hayley Moss,Adkins-Taylor,47051,Foam,Wagnerton,NJ,2024-01-28
Eric Yoder,"Jimenez, Nelson and Gaines",28693,Foam,South Elijahville,UT,2023-09-29
Melanie Warren,Pacheco-Holloway,6179,Foam,South Cassidy,VT,2024-06-07
Andrew Glover,Carter-Campbell,36066,Metal,New Frankborough,VT,2024-08-17
Vicki Ford DDS,Griffith PLC,11303,Metal,Duffyhaven,KS,2024-01-20
Keith Smith,Palmer-Thompson,20069,Foam,Kellyport,NY,2024-10-28
Isaac Daugherty,"Drake, Kaiser and Johnston",6990,Asphalt,West Christophermouth,OH,2024-11-16
Christopher Hernandez Jr.,Mason-Mitchell,6550,Asphalt,Julieberg,ND,2024-06-24
Sergio Anderson,Marshall Inc,40064,Asphalt,New James,ND,2024-05-14
Heather Wright,"Frazier, Davis and Lopez",13668,Asphalt,West Melissaside,NM,2024-12-21
Lauren Miller,Wilson-Grant,3925,Foam,East Janetside,VA,2023-08-07
Brenda Campos,Smith LLC,42510,TPO,Kimhaven,WI,2024-12-23
Antonio Price,"Wilson, Johnson and Simon",22030,Asphalt,Campbellburgh,PW,2023-10-10
Ashley Mcdonald,Hudson-Jones,46320,Metal,Mccoyborough,WY,2024-09-16
Philip Butler,"White, Warren and Leach",19513,TPO,Lake Martin,IL,2024-03-22
Aaron Scott,Kramer-Schmidt,20425,Foam,Mannfort,DE,2024-06-09
Sharon Rodriguez,Rice LLC,45892,Foam,Collinsfort,AZ,2023-04-18
Kelly Wilson,"Oconnor, Graham and Carter",25561,Metal,Woodsfurt,WV,2024-01-25
Tami Chen,"Leonard, Mitchell and Brown",24865,TPO,East Sherri,MP,2024-11-06
Lisa Trujillo,"Espinoza, Fields and Green",21020,Foam,West Daniel,GU,2024-05-19
Austin Valencia,Cooper Group,19917,Foam,New Patricia,IA,2024-02-07
Regina Gordon,Jackson Ltd,37076,Metal,Michelleville,AK,2023-08-29
Mr. David Clark PhD,Lawrence-Griffin,35851,TPO,Boothberg,MA,2024-04-25
Cody Bowen,"Morrow, Leach and Ramirez",3878,Asphalt,South Donnaberg,AS,2024-09-16
Samantha Jacobs,"Cordova, Phillips and Williams",25561,TPO,West Jonathanbury,PW,2023-08-22
Paul Chase,"Montgomery, Barnes and Livingston",43529,TPO,Danielberg,SC,2023-12-04
Matthew Ruiz,Potter-Camacho,33094,TPO,West Patricia,AR,2023-08-03
Allison Odom,Harris-Wilkins,21266,Asphalt,Brianview,GU,2024-06-07
Tyler Maxwell,Peters PLC,17042,Asphalt,Kristyton,DE,2023-07-29
Johnathan Hubbard,Baker Ltd,41328,TPO,Johnstad,MN,2024-04-26
Stephen Thompson,Oconnor and Sons,45397,Metal,West Arielport,CA,2024-05-20
Greg Martin,"Jones, Morris and White",32024,Asphalt,Wilsonview,GU,2024-08-09
Carl Hernandez,Miller Inc,19828,Asphalt,Leville,MO,2023-08-22
Robert Davis,Cobb LLC,41129,Metal,Lake Kimberlyside,NV,2024-02-03
Theresa Spencer,"Gomez, Lloyd and Cook",49868,Metal,Lake Nicholastown,WI,2023-04-26
Debra Duncan,Beasley-Simmons,2529,Asphalt,South Robert,VI,2025-03-27
Justin Nelson,"Walker, Blackburn and Taylor",17518,Foam,Christopherhaven,VT,2023-10-29
Wanda Wheeler,"Moore, Carter and Miles",8617,Asphalt,South Angelchester,OK,2025-04-03
Alan Henry,Rogers-Carter,29206,Asphalt,East Kim,LA,2025-01-05
Jessica Carter,"Richards, Brooks and Green",34777,Metal,Amandaside,VA,2024-01-14
Jennifer Burke,Phillips-Mckay,41490,Foam,North Jason,LA,2024-12-12
Erin Myers,"Rodriguez, Lam and Mcgee",1728,Foam,Lake Michellehaven,WI,2023-12-30
Corey Phillips,Jenkins-Spears,40197,Metal,New Elizabeth,WV,2023-10-26
Denise Jackson,"Lynch, Anderson and Michael",49012,Asphalt,Alecchester,MA,2024-06-02
Christopher Turner,Huerta Inc,5948,Asphalt,Christopherville,OH,2023-05-14
Tonya Thomas,"Morrison, Medina and Eaton",45775,Foam,North Karen,DC,2024-03-06
Lisa Rice,Weaver-King,35592,TPO,New Bonnie,VA,2023-12-17
Jeremy Johnson,"Gilmore, Kelley and Ibarra",45160,Foam,North Russellfort,MH,2025-03-04
Katrina Love,Price Group,4028,Foam,Phillipmouth,NC,2023-09-14
Amy Thompson,Small-Martin,8836,Asphalt,North Christineshire,AZ,2023-07-10
Michelle Anderson,Bass Group,17527,Metal,Lake John,VI,2023-10-29
Dan Gonzalez,Carpenter-Villa,7685,TPO,Jamesmouth,PA,2024-04-24
Samantha Marquez,"Fernandez, Diaz and Keller",6701,TPO,South Justin,FL,2023-09-24
Regina Farmer,"Fox, Garner and Lopez",17570,Foam,Justinhaven,GA,2024-02-26
Danny Mcdonald,Cunningham LLC,38423,TPO,Williamport,NC,2023-10-23
Taylor Russell,"Brown, Aguilar and Sanchez",36176,Foam,Lake Matthewside,OH,2024-08-01
Christopher Dixon,Tate-Warren,32030,Foam,Sherimouth,ID,2023-11-10
Joshua Thompson,"Hamilton, Williamson and Arnold",19297,TPO,Mayville,IN,2024-01-22
Priscilla Rush,Hill-Pearson,41626,Metal,Deannaburgh,DE,2024-08-06
Kristin Jordan,Griffith LLC,45144,Asphalt,North Shannonberg,WY,2023-11-28
Katherine Palmer,"Russell, Barr and Simmons",23611,Metal,Lake Jamesburgh,MN,2024-08-09
Clayton Parker,"Sanders, Miller and Lawrence",9110,Asphalt,Port Shaunstad,HI,2025-04-04
Tammy Davis,Morris-Chambers,11337,Asphalt,Port Veronica,DE,2023-11-18
Karen Williams,Hull and Sons,7131,Metal,Nelsonshire,UT,2025-03-31
Heather Aguilar,"Fields, Strong and Phillips",34072,TPO,Lake Nathanielton,NV,2025-03-10
Heather Davis,Reed Ltd,40329,Foam,Port Joshua,KS,2024-01-21
Deborah Roberts,Obrien-Matthews,46667,Metal,Villegasville,NM,2024-02-29
John Ramirez,Miller Group,17537,Foam,New Rebecca,MA,2024-02-08
Nicholas Hood,"Flowers, Hatfield and Olson",2822,TPO,South Christina,IL,2024-04-11
Kimberly Davis,Avery-Mason,4365,TPO,Port Jenna,NH,2023-09-22
Dawn House,"Williams, Jenkins and Leblanc",16705,Asphalt,Lake Wendy,CT,2024-07-24
Kenneth Knight,"Castillo, Dunn and Walsh",10786,Asphalt,Jenniferhaven,WY,2023-11-05
Andrew Davis,Franco-Evans,45969,Asphalt,New Victoria,MS,2025-02-28
Angelica Carter,"Leach, Holder and Solis",17394,TPO,Stephanieland,WV,2024-04-17
Brian Hurst,Burns-Owens,39894,TPO,Lake Laurachester,AL,2024-05-10
Andrew Burton,"Martin, White and Porter",32411,TPO,Ralphtown,VT,2023-11-07
Scott Curtis,"Jones, Burgess and Wood",1343,TPO,Meltonshire,IN,2024-10-11
Victor Craig,Pope Ltd,38309,Asphalt,East Alexander,UT,2024-06-06
Julie Stokes,Montoya and Sons,23176,Foam,South Joel,MP,2025-03-01
Eric Williams,"Griffith, Ruiz and Parker",15327,Foam,East Wayne,VA,2023-10-15
John Kelly,"Black, Massey and Tapia",15641,Foam,Barbarafurt,ND,2024-11-06
Kelsey Richardson PhD,Brown-Martin,29168,TPO,Millerport,KS,2023-09-22
Amy Anderson,"White, Hernandez and Allen",3710,Asphalt,West Alicia,ME,2024-11-17
Lisa Oliver,"Powers, Love and Jenkins",33241,Asphalt,Lake Meghanburgh,MA,2025-01-06
Randy Hansen,"Brock, Obrien and Moore",11229,Metal,Lake Christopherchester,CO,2024-12-21
Elizabeth Crosby,Smith and Sons,7023,Asphalt,Grahamberg,FM,2023-07-09
Carolyn Gomez,"Carter, Young and Evans",25891,Metal,Port Stevenstad,CA,2023-07-07
Dawn Smith,Park-Mills,25377,Asphalt,South Billyport,IN,2023-09-08
Troy Vargas,"Parker, Nichols and Mercer",3775,Metal,South Lindseymouth,NE,2023-05-23
Catherine Newton,Moore-Keller,8134,Foam,Michaelton,ID,2024-08-22
Ryan Bautista,Myers-Walter,49856,Asphalt,Lake Jasonstad,NE,2024-09-16
Megan Stafford,Schultz-Mcgee,24250,Foam,Lake Susan,AS,2025-02-03
Timothy Jones,Swanson-Vazquez,7679,TPO,Gilbertton,GA,2024-08-05
Todd Eaton,"Kelly, Kelley and Morrison",7751,Asphalt,New Jessica,AK,2023-10-30
Michelle Howard,Edwards-Gallagher,3619,Foam,North Sarah,WY,2024-10-10
Jaime Coffey,Vasquez Inc,44486,TPO,South John,RI,2023-12-31
Erin Williams,"Stanton, Miller and Olson",18018,Foam,Josephstad,VI,2024-01-14
Nicole Callahan,Becker Inc,47537,Metal,Wayneside,NY,2023-11-14
John Fuentes,"Sparks, House and Glenn",45086,Metal,West Kayla,VI,2025-01-16
Emma Coleman,"Miller, Vazquez and Kelley",34234,Metal,Kingchester,MA,2024-04-27
Nicholas Barnett,Miller-Davidson,7756,Asphalt,West Bobby,RI,2024-03-25
Bruce Schwartz,"Brooks, Jordan and Franklin",40832,Foam,Robertburgh,NJ,2023-05-11
Shannon Barton,"Jordan, Wright and Taylor",33522,Foam,North Rachel,KY,2024-11-14
Jaime Thomas,Harvey PLC,8800,Asphalt,Lake Michaeltown,MN,2024-09-29
John Bradshaw,Owens-Dickerson,7038,Asphalt,New Isaac,PR,2023-10-29
Emily Mahoney,"Jones, Jones and Thompson",46525,Foam,Lake Mariahside,MP,2024-02-19
Sarah Mcbride,Coleman LLC,13166,Asphalt,Harrisport,IN,2024-06-19
Jimmy Taylor,"Wilson, Barber and Alvarez",8575,Asphalt,North Colleen,TN,2024-05-25
Jermaine Forbes,Payne Ltd,37683,Foam,Jorgeborough,SD,2024-07-19
Taylor Reyes,"Walters, Bailey and Burgess",29021,Foam,Allisonside,MD,2023-05-09
Carlos Foster,"Kennedy, Perez and Ross",22062,TPO,Stricklandfort,TN,2024-02-04
Heather Fernandez,Davila Ltd,49221,Metal,Cameronburgh,DC,2023-11-10
Jennifer Kelley,Scott-Harris,36830,Foam,Willisburgh,AL,2024-02-11
Christopher Reed,"Anderson, Watson and Dennis",40200,Foam,West Samantha,IN,2024-06-18
Antonio Thornton,Johnson and Sons,3774,Foam,Marialand,MP,2023-07-10
Amanda Peterson,"Mcdaniel, Hicks and Campbell",13960,Foam,East Brandyfurt,CO,2024-06-30
Justin Mitchell,Cook-Graham,47670,Asphalt,South Benjaminfurt,PR,2024-09-27
Kristen Farrell,Acosta Ltd,38129,Metal,South Timothy,IN,2024-04-02
Laura Herrera,"Wright, Torres and Bolton",44875,TPO,Michaelstad,OR,2024-12-04
Charles Stone,Barnes PLC,1655,Asphalt,Elliottmouth,MN,2024-08-13
Joshua Haynes,Dennis-George,2758,Metal,Saramouth,NJ,2025-03-08
Daniel Lopez,Richardson LLC,43611,Metal,Michaelville,PA,2025-02-09
Katelyn Blanchard,Perry Ltd,47121,TPO,Port Dawn,NJ,2023-07-16
Sierra Howard,Gomez-Hernandez,28512,TPO,Marialand,PR,2023-11-20
Anita Brown,"Griffin, Blake and Patterson",16856,TPO,Kellyfurt,IN,2024-07-30
Darren Miller,Kelly Group,7495,TPO,West Richardside,MH,2023-08-22
Richard Elliott,"Reid, Robinson and Larson",5748,Asphalt,South Heidi,MS,2023-07-09
Ryan Wallace,"Gonzalez, Jones and Bell",4667,Metal,East Victoriaburgh,WV,2024-03-27
Marcus Sanchez,Fleming Ltd,1480,TPO,Coxborough,UT,2023-09-16
Jennifer Ramirez,"Garcia, Alexander and Wagner",28678,Asphalt,Christopherport,UT,2024-07-26
Kelsey Cook,"Aguirre, Glover and Adkins",7624,TPO,Swansonshire,PR,2024-01-18
Audrey Mendoza,Mora Ltd,1797,Asphalt,Brucefurt,UT,2024-12-22
Deborah Austin,"Patterson, Smith and Stone",49533,TPO,Jasmineborough,IN,2023-08-16
Diane Anderson,Smith Ltd,25094,Asphalt,East Frankmouth,OK,2024-07-28
Maria Rice MD,Diaz-Vargas,36778,Foam,East Veronica,VT,2023-09-15
Thomas Mcgee,Benton Ltd,25077,Foam,New Antoniohaven,WY,2024-12-28
Ashley Davis,Zimmerman LLC,9341,Foam,Port Baileyland,MH,2024-06-14
Becky Pratt,"Miller, Massey and Lawrence",38477,Foam,Murphyhaven,WY,2023-10-14
Jeffery Davis,Lewis-Bennett,25625,Metal,Sherriburgh,UT,2024-08-23
Kevin Rose,Bishop-Martinez,25846,Metal,Brendanland,AK,2024-10-27
Shannon Martin,"Neal, Rodriguez and Mueller",43905,Foam,East Julieville,KS,2023-11-01
Douglas Blake,Sanchez-Mercado,7637,Foam,Craigshire,KS,2025-02-20
Rodney Garrison,"Wright, Mcgee and Anderson",10994,Asphalt,Cherylshire,MN,2023-12-31
Patricia Pineda,"Rocha, Burke and Hernandez",17944,Foam,Rodriguezport,CA,2024-05-22
Steven Washington,Stewart-Anderson,49827,Foam,New Vincentstad,FM,2024-04-17
Mary Washington,"Smith, Roberts and White",19287,Asphalt,West Harold,NC,2023-09-28
Maxwell Moore,"Jimenez, Harris and Brown",21854,Foam,Port Christinaborough,AS,2025-03-18
Thomas Lopez,Mcguire Ltd,33743,Foam,Michelleland,NM,2024-06-26
Samuel Franklin,Mcdonald-Burgess,15390,Foam,Houseton,WY,2024-01-22
Eric Cruz,"Klein, Miller and Hernandez",41817,Metal,Marissaport,NE,2024-08-06
Jared Hinton,Ortiz-Anderson,8327,Foam,Alexandraville,GU,2025-04-11
Barbara Hernandez,Reynolds Ltd,31703,TPO,Megantown,CO,2024-09-17
Robert Hatfield,Ayala-Johnson,15006,TPO,Lake Michele,AK,2024-04-16
Sarah Young,Hill and Sons,18415,TPO,Rhondatown,AS,2024-04-25
Mark Guerra,Kim Ltd,43168,Metal,Brandonstad,RI,2024-07-10
Marcus Foster,Lara-Bennett,14696,Foam,Lake Larryshire,NM,2025-03-11
James Wright,"Watson, Payne and Smith",47721,Asphalt,Snyderchester,SC,2025-03-30
Megan Rivera,Patterson Inc,14446,TPO,South Christineland,IL,2023-05-19
Valerie Huang,Weaver Inc,19901,Asphalt,Jimmymouth,MH,2025-03-05
Kristina Warren,Miller-Jenkins,13264,Metal,Lake Daniel,ND,2024-07-08
Tiffany Johnson,Vasquez Inc,41630,Asphalt,West Christopherport,WA,2023-06-30
Antonio Carter,Gilbert LLC,13156,Metal,New Angel,DC,2024-11-16
Matthew Saunders,Warner-Smith,47571,Foam,Tonyville,MN,2023-12-16
Erika Burnett,"Mccormick, Sullivan and Martin",1695,Foam,North Sarafurt,SC,2024-07-11
Sandra Powell,Fuentes Inc,5225,Metal,West Jean,WI,2025-02-13
Lauren Smith,Martin-Knapp,34600,Asphalt,Graybury,GA,2023-08-01
Jeffrey Lawson,Perez and Sons,40499,Foam,Juanmouth,WY,2024-10-29
Courtney Reynolds,Reid Group,32271,Foam,Fitzpatrickfurt,SD,2023-10-26
Crystal Johnston,"Lester, Blevins and Taylor",8845,Foam,Underwoodfurt,NM,2023-11-15
Kari Phillips,Moody-Tanner,19732,Asphalt,South Julie,DC,2023-11-18
Cindy Dominguez,Miller Inc,37742,TPO,South Cindyton,WA,2023-05-12
Vanessa Perez,"Liu, Gardner and Washington",28694,TPO,Royfort,AZ,2024-05-22
Gabrielle Davis,Hernandez PLC,47474,Asphalt,South Joseph,MN,2025-02-19
Anthony Blevins,"Lewis, Davila and Zimmerman",49256,Foam,Georgehaven,NM,2024-12-30
Rebecca Black,Greene-Klein,23474,Asphalt,Kimborough,PR,2025-03-28
Jill Hunter,"Smith, Nicholson and Potter",29930,Foam,Lisaburgh,KS,2023-06-21
Ronnie Larson,"Anthony, Zamora and Knight",42688,Foam,Port Laura,CO,2024-01-11
Linda Williams,Hughes PLC,30545,Asphalt,Joseberg,TX,2023-04-25
Dawn Wolfe,Sloan Inc,43434,Foam,Deniseview,ID,2023-06-30
Curtis Adams,"Harrell, Melton and Ryan",28486,Asphalt,Port Sarahmouth,HI,2023-07-31
Jasmine Harris,"Lam, Stewart and Diaz",43132,Asphalt,Christineville,GU,2023-07-04
Christian Kelley,Walters-Phillips,2368,Metal,North Jesse,VI,2023-08-19
Anthony Morgan,Finley PLC,37057,Asphalt,West Andrewfurt,AK,2024-06-28
Gary Davis,"Garcia, Henderson and Henry",19704,Foam,Jacquelineberg,SC,2024-02-09
Victoria Medina,Hansen-Phillips,45790,Foam,Potterchester,OR,2024-04-02
Michael Moore,"Logan, Moran and Banks",16326,Metal,Lake Cameron,CO,2024-03-06
Timothy Gordon,Jenkins PLC,13168,Foam,Lisaview,HI,2024-12-09
Terry Huang,"Rosales, Cantu and King",8850,Asphalt,East Laurie,NH,2024-02-04
Stephanie Mclaughlin,Bailey Inc,11870,TPO,East Cynthia,AS,2024-10-02
Anna Blanchard,Martin Inc,45984,Foam,Pachecoview,MO,2024-10-31
Valerie Faulkner,Andrade and Sons,49719,Asphalt,Jacksonmouth,SD,2024-11-21
Mrs. Jennifer Rojas,Brooks-Allen,32806,Asphalt,West Paul,WY,2023-05-08
Calvin Schwartz,Garcia-Gordon,10870,TPO,Port Danaborough,AS,2025-04-12
Terri Barton,"Rubio, Leblanc and Elliott",12806,TPO,South Pamela,FM,2024-06-12
